snapshot_id,activity_key,source_version,crm_customer_key,customer_key,staff_key,primary_product_code,occurred_at,channel,approval,duration_minutes,modified_at,operation,delivery_batch
b014,VE_00483fc45bc547,1,VE_c22fd8263ec79a,IQ_9cfab99c88ecfa,VE_a7d64d4b06aef3,IQ_54291f6d98eec1,2026-07-30T12:00:00Z,EMAIL,APPROVED,12,2026-07-30T12:00:00Z,UPSERT,b001
b014,VE_004e2f680a07b0,1,VE_ec5e23b049025d,IQ_39a96fcf75a9a5,VE_dfb9c2a7f96b2e,IQ_135d4a97820502,2026-10-05T12:00:00Z,EMAIL,APPROVED,14,2026-10-05T12:00:00Z,UPSERT,b006
b014,VE_0070fb970e50d9,1,VE_18dc7b377bf025,IQ_90eb0591b897d4,VE_e5f238788b8d4f,IQ_135d4a97820502,2026-08-31T12:00:00Z,EMAIL,APPROVED,12,2026-08-31T12:00:00Z,UPSERT,b001
b014,VE_00c935c1dc0fe6,1,VE_ba46ef34c727f4,IQ_fb9c5e296c0d40,VE_d8ce93e1401020,IQ_942e78f7757950,2026-09-24T12:00:00Z,EMAIL,APPROVED,12,2026-09-24T12:00:00Z,UPSERT,b001
b014,VE_018c7f3876931e,1,VE_ecb874ff3e1b04,IQ_d7ec2fb9c64928,VE_a7d64d4b06aef3,IQ_135d4a97820502,2026-10-13T12:00:00Z,EMAIL,APPROVED,25,2026-10-13T12:00:00Z,UPSERT,b014
b014,VE_01bb38d5c834a2,1,VE_2ab76b6dc62d3f,IQ_3d4ddf185a627c,VE_5bdb3c5559b9b2,IQ_942e78f7757950,2026-10-12T12:00:00Z,EMAIL,APPROVED,21,2026-10-12T12:00:00Z,UPSERT,b013
b014,VE_01f7caf9637df6,1,VE_5b53424a8fb530,IQ_3716885bdeac28,VE_a7d64d4b06aef3,IQ_20c20d0e8b3a1d,2026-10-07T12:00:00Z,EMAIL,APPROVED,13,2026-10-07T12:00:00Z,UPSERT,b008
b014,VE_0205a09178c238,1,VE_a3b69a88749cb3,IQ_bbf16dea36ebe6,VE_6b9dd3d425b6f6,IQ_20c20d0e8b3a1d,2026-10-11T12:00:00Z,EMAIL,APPROVED,16,2026-10-11T12:00:00Z,UPSERT,b012
b014,VE_02478bf71ca12e,1,VE_b1422f3824524b,IQ_eeb2a0b0f2ecd8,VE_d8ce93e1401020,IQ_942e78f7757950,2026-10-04T12:00:00Z,EMAIL,APPROVED,14,2026-10-04T12:00:00Z,UPSERT,b005
b014,VE_024ce65de5833f,1,VE_866e2cf66246a5,IQ_b999195dfbc669,VE_dfb9c2a7f96b2e,IQ_54291f6d98eec1,2026-10-07T12:00:00Z,EMAIL,APPROVED,22,2026-10-07T12:00:00Z,UPSERT,b008
b014,VE_0273b3b97d01af,1,VE_ac8319da259995,IQ_43970e05028a71,VE_a7d64d4b06aef3,IQ_54291f6d98eec1,2026-08-22T12:00:00Z,EMAIL,APPROVED,14,2026-08-22T12:00:00Z,UPSERT,b001
b014,VE_02915c184a5441,1,VE_09a95a08cec401,IQ_8e278d5ba4c860,VE_5bdb3c5559b9b2,IQ_54291f6d98eec1,2026-08-29T12:00:00Z,EMAIL,APPROVED,15,2026-08-29T12:00:00Z,UPSERT,b001
b014,VE_02da382611e980,1,VE_d2f50255fa2ba4,IQ_509a5e82c33b0a,VE_d8ce93e1401020,IQ_942e78f7757950,2026-10-08T12:00:00Z,EMAIL,APPROVED,22,2026-10-08T12:00:00Z,UPSERT,b009
b014,VE_02dcef88017a3c,1,VE_42b7e02b086268,IQ_4ecb0bfc8dd1b1,VE_d8ce93e1401020,IQ_54291f6d98eec1,2026-10-07T12:00:00Z,EMAIL,APPROVED,14,2026-10-07T12:00:00Z,UPSERT,b008
b014,VE_02f7ca9a492815,1,VE_c21dfac4ce6526,IQ_d8d4e5a826c8f9,VE_6b9dd3d425b6f6,IQ_54291f6d98eec1,2026-10-12T12:00:00Z,EMAIL,APPROVED,20,2026-10-12T12:00:00Z,UPSERT,b013
b014,VE_030c68a357afd4,1,VE_220839ebc4b310,IQ_6b3bf7706ff616,VE_6b9dd3d425b6f6,IQ_20c20d0e8b3a1d,2026-08-09T12:00:00Z,EMAIL,APPROVED,20,2026-08-09T12:00:00Z,UPSERT,b001
b014,VE_05a9e04e68a29a,1,VE_866e2cf66246a5,IQ_b999195dfbc669,VE_d8ce93e1401020,IQ_942e78f7757950,2026-09-01T12:00:00Z,EMAIL,APPROVED,13,2026-09-01T12:00:00Z,UPSERT,b001
b014,VE_05d3f23a56eae4,1,VE_a3b69a88749cb3,IQ_bbf16dea36ebe6,VE_5bdb3c5559b9b2,IQ_135d4a97820502,2026-10-06T12:00:00Z,EMAIL,APPROVED,13,2026-10-06T12:00:00Z,UPSERT,b007
b014,VE_06289fd2c88fe6,1,VE_e046679fa7995d,IQ_cf446d2ff0e298,VE_dfb9c2a7f96b2e,IQ_942e78f7757950,2026-10-11T12:00:00Z,EMAIL,APPROVED,26,2026-10-11T12:00:00Z,UPSERT,b012
b014,VE_06524d98102d1c,1,VE_a462cf78c4602e,IQ_094a9ccef25ce4,VE_bd347660c02488,IQ_135d4a97820502,2026-10-07T12:00:00Z,EMAIL,APPROVED,24,2026-10-07T12:00:00Z,UPSERT,b008
b014,VE_075e3dbb0aa166,1,VE_09a95a08cec401,IQ_8e278d5ba4c860,VE_6b9dd3d425b6f6,IQ_942e78f7757950,2026-10-13T12:00:00Z,EMAIL,APPROVED,24,2026-10-13T12:00:00Z,UPSERT,b014
b014,VE_0792a6fc961a18,1,VE_d1df39975dc133,IQ_1ad8fd972ecd6a,VE_a7d64d4b06aef3,IQ_135d4a97820502,2026-10-06T12:00:00Z,EMAIL,APPROVED,21,2026-10-06T12:00:00Z,UPSERT,b007
b014,VE_085f445a6e4601,1,VE_2a83df57539c57,,VE_6b9dd3d425b6f6,IQ_54291f6d98eec1,2026-10-12T12:00:00Z,EMAIL,APPROVED,28,2026-10-12T12:00:00Z,UPSERT,b013
b014,VE_08f3a0f3e066e9,1,VE_220839ebc4b310,IQ_6b3bf7706ff616,VE_bd347660c02488,IQ_20c20d0e8b3a1d,2026-09-09T12:00:00Z,EMAIL,APPROVED,25,2026-09-09T12:00:00Z,UPSERT,b001
b014,VE_0990e9838ab293,1,VE_3db35dc532eeaa,IQ_f8746fa6d8ac04,VE_a7d64d4b06aef3,IQ_54291f6d98eec1,2026-09-24T12:00:00Z,EMAIL,APPROVED,11,2026-09-24T12:00:00Z,UPSERT,b001
b014,VE_09f8e0ed69e8c9,1,VE_3286b39eada443,IQ_f8f7bb250ca8f2,VE_a7d64d4b06aef3,IQ_20c20d0e8b3a1d,2026-10-10T12:00:00Z,EMAIL,APPROVED,17,2026-10-10T12:00:00Z,UPSERT,b011
b014,VE_0af5ae1d79c0c8,1,VE_ef15b7e7974b5e,IQ_c0d0da0755d27e,VE_e5f238788b8d4f,IQ_135d4a97820502,2026-07-22T12:00:00Z,EMAIL,APPROVED,10,2026-07-22T12:00:00Z,UPSERT,b001
b014,VE_0b2eb6efc42776,1,VE_88d7ba522fc46c,IQ_7456b6114ee921,VE_6b9dd3d425b6f6,IQ_20c20d0e8b3a1d,2026-09-06T12:00:00Z,EMAIL,APPROVED,16,2026-09-06T12:00:00Z,UPSERT,b001
b014,VE_0c67589ed09b15,1,VE_ff1e01ba239fb4,IQ_12cb9c4a95124c,VE_6b9dd3d425b6f6,IQ_20c20d0e8b3a1d,2026-09-11T12:00:00Z,EMAIL,APPROVED,17,2026-09-11T12:00:00Z,UPSERT,b001
b014,VE_0c8b1c8e333998,1,VE_b1422f3824524b,IQ_eeb2a0b0f2ecd8,VE_dfb9c2a7f96b2e,IQ_942e78f7757950,2026-10-08T12:00:00Z,EMAIL,APPROVED,14,2026-10-08T12:00:00Z,UPSERT,b009
b014,VE_0d094a6e89ea99,1,VE_d0c66dff2154e0,IQ_a6543230d73012,VE_c0f0228a02528b,IQ_135d4a97820502,2026-07-23T12:00:00Z,EMAIL,APPROVED,11,2026-07-23T12:00:00Z,UPSERT,b001
b014,VE_0d467c168fc79f,1,VE_0de10f49034d81,IQ_36ada5c15a6636,VE_c0f0228a02528b,IQ_135d4a97820502,2026-09-13T12:00:00Z,EMAIL,APPROVED,25,2026-09-13T12:00:00Z,UPSERT,b001
b014,VE_0da34275a7e6e2,1,VE_65d53058353f53,IQ_5f616459dc55d5,VE_dfb9c2a7f96b2e,IQ_942e78f7757950,2026-08-08T12:00:00Z,EMAIL,APPROVED,15,2026-08-08T12:00:00Z,UPSERT,b001
b014,VE_0dcc5fde576480,1,VE_866e2cf66246a5,IQ_b999195dfbc669,VE_5bdb3c5559b9b2,IQ_54291f6d98eec1,2026-10-11T12:00:00Z,EMAIL,APPROVED,25,2026-10-11T12:00:00Z,UPSERT,b012
b014,VE_0de6b1df078498,1,VE_8424de3c920d5a,IQ_9738f9711a47cf,VE_dfb9c2a7f96b2e,IQ_135d4a97820502,2026-10-12T12:00:00Z,EMAIL,APPROVED,10,2026-10-12T12:00:00Z,UPSERT,b013
b014,VE_0debbf35662046,1,VE_c21dfac4ce6526,IQ_d8d4e5a826c8f9,VE_a7d64d4b06aef3,IQ_54291f6d98eec1,2026-09-14T12:00:00Z,EMAIL,APPROVED,28,2026-09-14T12:00:00Z,UPSERT,b001
b014,VE_0df20f7f881c60,1,VE_a8c0b118f70e90,IQ_08580b228e97d8,VE_a7d64d4b06aef3,IQ_54291f6d98eec1,2026-08-23T12:00:00Z,EMAIL,APPROVED,12,2026-08-23T12:00:00Z,UPSERT,b001
b014,VE_0e2cd4dd94827c,1,VE_13b9277a8de654,IQ_0dd2b8fa221f25,VE_c0f0228a02528b,IQ_135d4a97820502,2026-07-20T12:00:00Z,EMAIL,APPROVED,11,2026-07-20T12:00:00Z,UPSERT,b001
b014,VE_0e3663755bea3a,1,VE_5224307aa49566,,VE_5bdb3c5559b9b2,IQ_942e78f7757950,2026-10-12T12:00:00Z,EMAIL,APPROVED,29,2026-10-12T12:00:00Z,UPSERT,b013
b014,VE_0e598c1760ea5b,1,VE_d1df39975dc133,IQ_1ad8fd972ecd6a,VE_5bdb3c5559b9b2,IQ_54291f6d98eec1,2026-07-31T12:00:00Z,EMAIL,APPROVED,23,2026-07-31T12:00:00Z,UPSERT,b001
b014,VE_0e7e5a3f30fd1d,1,VE_816a43cfa4bbba,IQ_786571a47515e2,VE_5bdb3c5559b9b2,IQ_20c20d0e8b3a1d,2026-10-10T12:00:00Z,EMAIL,APPROVED,29,2026-10-10T12:00:00Z,UPSERT,b011
b014,VE_0ebfaed296b074,1,VE_c666897cc2aab7,,VE_d8ce93e1401020,IQ_135d4a97820502,2026-10-12T12:00:00Z,EMAIL,APPROVED,26,2026-10-12T12:00:00Z,UPSERT,b013
b014,VE_0f27f6db9beabb,1,VE_866e2cf66246a5,IQ_b999195dfbc669,VE_d8ce93e1401020,IQ_54291f6d98eec1,2026-10-03T12:00:00Z,EMAIL,APPROVED,22,2026-10-03T12:00:00Z,UPSERT,b004
b014,VE_0fe971de2dc68f,1,VE_265f423ad0ae7e,IQ_3a78b487cced5b,VE_bd347660c02488,IQ_20c20d0e8b3a1d,2026-10-04T12:00:00Z,EMAIL,APPROVED,20,2026-10-04T12:00:00Z,UPSERT,b005
b014,VE_0ff21e1c322871,1,VE_265f423ad0ae7e,IQ_3a78b487cced5b,VE_bd347660c02488,IQ_20c20d0e8b3a1d,2026-09-03T12:00:00Z,EMAIL,APPROVED,19,2026-09-03T12:00:00Z,UPSERT,b001
b014,VE_10a1623fca7a91,1,VE_42b7e02b086268,IQ_4ecb0bfc8dd1b1,VE_dfb9c2a7f96b2e,IQ_942e78f7757950,2026-09-10T12:00:00Z,EMAIL,APPROVED,25,2026-09-10T12:00:00Z,UPSERT,b001
b014,VE_1112617e7d79d2,1,VE_ac8319da259995,IQ_43970e05028a71,VE_5bdb3c5559b9b2,IQ_942e78f7757950,2026-10-05T12:00:00Z,EMAIL,APPROVED,21,2026-10-05T12:00:00Z,UPSERT,b006
b014,VE_111d87b9a6a37f,1,VE_762f6137cedac0,IQ_e35dbf91fb46f8,VE_dfb9c2a7f96b2e,IQ_20c20d0e8b3a1d,2026-10-13T12:00:00Z,EMAIL,APPROVED,26,2026-10-13T12:00:00Z,UPSERT,b014
b014,VE_114535a8a81eea,1,VE_fd4df5f794dcc5,IQ_b129f52b9e347e,VE_e5f238788b8d4f,IQ_135d4a97820502,2026-09-26T12:00:00Z,EMAIL,APPROVED,14,2026-09-26T12:00:00Z,UPSERT,b001
b014,VE_11468fd7ee3a54,1,VE_d2f50255fa2ba4,IQ_509a5e82c33b0a,VE_a7d64d4b06aef3,IQ_942e78f7757950,2026-10-12T12:00:00Z,EMAIL,APPROVED,25,2026-10-12T12:00:00Z,UPSERT,b013
b014,VE_11be9f3971b456,1,VE_4fa2295cdf1979,IQ_a0a629b3034557,VE_5bdb3c5559b9b2,IQ_54291f6d98eec1,2026-07-27T12:00:00Z,EMAIL,APPROVED,18,2026-07-27T12:00:00Z,UPSERT,b001
b014,VE_12fea680693639,1,VE_adc8ea3fefbc67,IQ_26088422e4cdf9,VE_6b9dd3d425b6f6,IQ_942e78f7757950,2026-10-06T12:00:00Z,EMAIL,APPROVED,24,2026-10-06T12:00:00Z,UPSERT,b007
b014,VE_13df25ad76afa8,1,VE_9f26ead04e3578,IQ_2d137fa0b8b6ac,VE_d8ce93e1401020,IQ_942e78f7757950,2026-09-14T12:00:00Z,EMAIL,APPROVED,25,2026-09-14T12:00:00Z,UPSERT,b001
b014,VE_144121b0a200dd,1,VE_983800ac45775c,IQ_f07eaf14e693a5,VE_5bdb3c5559b9b2,IQ_54291f6d98eec1,2026-08-11T12:00:00Z,EMAIL,APPROVED,12,2026-08-11T12:00:00Z,UPSERT,b001
b014,VE_14731e568af354,1,VE_2a83df57539c57,,VE_a7d64d4b06aef3,SYN_UNKNOWN_PRODUCT,2026-07-25T12:00:00Z,EMAIL,APPROVED,15,2026-07-25T12:00:00Z,UPSERT,b001
b014,VE_14f024d8773581,1,VE_6884d78be1e27f,IQ_d70ceade00121a,VE_e5f238788b8d4f,IQ_135d4a97820502,2026-09-17T12:00:00Z,EMAIL,APPROVED,15,2026-09-17T12:00:00Z,UPSERT,b001
b014,VE_153d1ffdcab55c,1,VE_a8c0b118f70e90,IQ_08580b228e97d8,VE_6b9dd3d425b6f6,IQ_20c20d0e8b3a1d,2026-10-11T12:00:00Z,EMAIL,APPROVED,24,2026-10-11T12:00:00Z,UPSERT,b012
b014,VE_15a6ae24813a4f,1,VE_fd4df5f794dcc5,IQ_b129f52b9e347e,VE_e5f238788b8d4f,IQ_135d4a97820502,2026-08-28T12:00:00Z,EMAIL,APPROVED,25,2026-08-28T12:00:00Z,UPSERT,b001
b014,VE_15de10017dddec,1,VE_a458a83ce0f04b,IQ_d2fdc3f4fb6963,VE_a7d64d4b06aef3,IQ_942e78f7757950,2026-10-05T12:00:00Z,EMAIL,APPROVED,17,2026-10-05T12:00:00Z,UPSERT,b006
b014,VE_15e021df20dbd2,1,VE_0f62242676d406,IQ_5d364b761e11b5,VE_dfb9c2a7f96b2e,IQ_20c20d0e8b3a1d,2026-10-02T12:00:00Z,EMAIL,APPROVED,18,2026-10-02T12:00:00Z,UPSERT,b003
b014,VE_160a658b2d6154,1,VE_a2c3a87dcd2ea9,IQ_e552f1ddf030fb,VE_c0f0228a02528b,IQ_54291f6d98eec1,2026-10-13T12:00:00Z,EMAIL,APPROVED,11,2026-10-13T12:00:00Z,UPSERT,b014
b014,VE_160bd5126bbc38,1,VE_220839ebc4b310,IQ_6b3bf7706ff616,VE_6b9dd3d425b6f6,IQ_942e78f7757950,2026-10-02T12:00:00Z,EMAIL,APPROVED,28,2026-10-02T12:00:00Z,UPSERT,b003
b014,VE_1674e45bbcfcf4,1,VE_fa7b71df3f49fe,IQ_f4cb6e0d00a708,VE_bd347660c02488,IQ_20c20d0e8b3a1d,2026-10-04T12:00:00Z,EMAIL,APPROVED,24,2026-10-04T12:00:00Z,UPSERT,b005
b014,VE_1675b4479d5395,1,VE_48d952748ec6b5,IQ_b8a09904e4cc44,VE_a7d64d4b06aef3,IQ_54291f6d98eec1,2026-10-09T12:00:00Z,EMAIL,APPROVED,13,2026-10-09T12:00:00Z,UPSERT,b010
b014,VE_16b7b50e5097e8,1,VE_100f0e81f859d7,IQ_d18d2fb59cfe6e,VE_dfb9c2a7f96b2e,IQ_942e78f7757950,2026-09-29T12:00:00Z,EMAIL,APPROVED,28,2026-09-29T12:00:00Z,UPSERT,b001
b014,VE_17260575491e93,1,VE_ba46ef34c727f4,IQ_fb9c5e296c0d40,VE_a7d64d4b06aef3,IQ_942e78f7757950,2026-10-12T12:00:00Z,EMAIL,APPROVED,21,2026-10-12T12:00:00Z,UPSERT,b013
b014,VE_1743d349eba26c,1,VE_33050ef927a762,IQ_f412bc7dfa9020,VE_5bdb3c5559b9b2,IQ_54291f6d98eec1,2026-08-24T12:00:00Z,EMAIL,APPROVED,15,2026-08-24T12:00:00Z,UPSERT,b001
b014,VE_18c11ba8855836,1,VE_fd4df5f794dcc5,IQ_b129f52b9e347e,VE_c0f0228a02528b,IQ_135d4a97820502,2026-07-24T12:00:00Z,EMAIL,APPROVED,30,2026-07-24T12:00:00Z,UPSERT,b001
b014,VE_18cf0fb28c8208,1,VE_c4ed0f0cc1df2c,IQ_8ee2ef868089f8,VE_bd347660c02488,IQ_20c20d0e8b3a1d,2026-09-28T12:00:00Z,EMAIL,APPROVED,18,2026-09-28T12:00:00Z,UPSERT,b001
b014,VE_1970db55eb516e,1,VE_019d423b5431cd,IQ_3dfa318285836d,VE_a7d64d4b06aef3,IQ_54291f6d98eec1,2026-09-16T12:00:00Z,EMAIL,APPROVED,26,2026-09-16T12:00:00Z,UPSERT,b001
b014,VE_1a0a10e0d373b0,1,VE_71533239b71955,IQ_68ae4cb00ee2a3,VE_5bdb3c5559b9b2,IQ_54291f6d98eec1,2026-10-11T12:00:00Z,EMAIL,APPROVED,17,2026-10-11T12:00:00Z,UPSERT,b012
b014,VE_1aff7780944e5c,1,VE_c259796efa90aa,IQ_6e99471b5ac975,VE_bd347660c02488,IQ_942e78f7757950,2026-10-13T12:00:00Z,EMAIL,APPROVED,16,2026-10-13T12:00:00Z,UPSERT,b014
b014,VE_1b5ce990b3ca19,1,VE_2b4a021b059e8d,IQ_769ac94cb87c37,VE_bd347660c02488,IQ_20c20d0e8b3a1d,2026-10-08T12:00:00Z,EMAIL,APPROVED,20,2026-10-08T12:00:00Z,UPSERT,b009
b014,VE_1b8995d9fc9743,1,VE_48d952748ec6b5,IQ_b8a09904e4cc44,VE_6b9dd3d425b6f6,IQ_54291f6d98eec1,2026-10-05T12:00:00Z,EMAIL,APPROVED,12,2026-10-05T12:00:00Z,UPSERT,b006
b014,VE_1bb447e1c66f29,1,VE_f7b572b359e4e3,IQ_73a7e08f759536,VE_bd347660c02488,IQ_20c20d0e8b3a1d,2026-08-07T12:00:00Z,EMAIL,APPROVED,21,2026-08-07T12:00:00Z,UPSERT,b001
b014,VE_1c5d99e9a76288,1,VE_c7ffe93286345e,IQ_f51ff3278100d8,VE_d8ce93e1401020,IQ_942e78f7757950,2026-09-21T12:00:00Z,EMAIL,APPROVED,29,2026-09-21T12:00:00Z,UPSERT,b001
b014,VE_1cd193f4a71650,1,VE_f0aa05b5453c81,IQ_98280845a4c8b5,VE_5bdb3c5559b9b2,IQ_54291f6d98eec1,2026-08-29T12:00:00Z,EMAIL,APPROVED,21,2026-08-29T12:00:00Z,UPSERT,b001
b014,VE_1cd2ff71c3c61e,1,VE_ac8319da259995,IQ_43970e05028a71,VE_bd347660c02488,IQ_942e78f7757950,2026-10-13T12:00:00Z,EMAIL,APPROVED,24,2026-10-13T12:00:00Z,UPSERT,b014
b014,VE_1d312c2732eb4d,1,VE_efc5c572b933a0,IQ_bee67dd5b938ba,VE_5bdb3c5559b9b2,IQ_54291f6d98eec1,2026-09-08T12:00:00Z,EMAIL,APPROVED,24,2026-09-08T12:00:00Z,UPSERT,b001
b014,VE_1d8b0094520013,1,VE_13b9277a8de654,IQ_0dd2b8fa221f25,VE_e5f238788b8d4f,IQ_942e78f7757950,2026-10-07T12:00:00Z,EMAIL,APPROVED,11,2026-10-07T12:00:00Z,UPSERT,b008
b014,VE_1e3b8af4174e8a,1,VE_9f26ead04e3578,IQ_2d137fa0b8b6ac,VE_a7d64d4b06aef3,IQ_942e78f7757950,2026-10-12T12:00:00Z,EMAIL,APPROVED,13,2026-10-12T12:00:00Z,UPSERT,b013
b014,VE_1ebcdea3a5c001,1,VE_b30bbcd0283192,IQ_69fdea3e549ac6,VE_bd347660c02488,IQ_20c20d0e8b3a1d,2026-09-11T12:00:00Z,EMAIL,APPROVED,13,2026-09-11T12:00:00Z,UPSERT,b001
b014,VE_1ed96e47f5e456,1,VE_5242a39c00d8d1,IQ_18003b85127893,VE_6b9dd3d425b6f6,IQ_20c20d0e8b3a1d,2026-08-11T12:00:00Z,EMAIL,APPROVED,22,2026-08-11T12:00:00Z,UPSERT,b001
b014,VE_1f1181dc6535f5,1,VE_55b3a4a96dcd4b,IQ_2bf809008f4101,VE_c0f0228a02528b,IQ_135d4a97820502,2026-07-29T12:00:00Z,EMAIL,APPROVED,23,2026-07-29T12:00:00Z,UPSERT,b001
b014,VE_1f953fbc073bc3,1,VE_2b4a021b059e8d,IQ_769ac94cb87c37,VE_6b9dd3d425b6f6,IQ_20c20d0e8b3a1d,2026-07-30T12:00:00Z,EMAIL,APPROVED,10,2026-07-30T12:00:00Z,UPSERT,b001
b014,VE_1fc518c4ef1e2e,1,VE_18dc7b377bf025,IQ_90eb0591b897d4,VE_c0f0228a02528b,IQ_20c20d0e8b3a1d,2026-10-05T12:00:00Z,EMAIL,APPROVED,19,2026-10-05T12:00:00Z,UPSERT,b006
b014,VE_20bd2eafae9c8d,1,VE_3db35dc532eeaa,IQ_f8746fa6d8ac04,VE_a7d64d4b06aef3,IQ_54291f6d98eec1,2026-10-08T12:00:00Z,EMAIL,APPROVED,17,2026-10-08T12:00:00Z,UPSERT,b009
b014,VE_21ad5fb4f1bd99,1,VE_68cbed40f85d0c,IQ_abdd6f3d6ea2f9,VE_bd347660c02488,IQ_54291f6d98eec1,2026-10-05T12:00:00Z,EMAIL,APPROVED,24,2026-10-05T12:00:00Z,UPSERT,b006
b014,VE_21cd201c0f78a3,1,VE_795919f196307c,IQ_13e21692d46c20,VE_a7d64d4b06aef3,IQ_135d4a97820502,2026-10-02T12:00:00Z,EMAIL,APPROVED,17,2026-10-02T12:00:00Z,UPSERT,b003
b014,VE_21d43a2664cc21,1,VE_d2f60a2db02aef,IQ_cebb1fc978b824,VE_c0f0228a02528b,IQ_135d4a97820502,2026-09-18T12:00:00Z,EMAIL,APPROVED,28,2026-09-18T12:00:00Z,UPSERT,b001
b014,VE_2232b861ab3266,1,VE_019d423b5431cd,IQ_3dfa318285836d,VE_5bdb3c5559b9b2,IQ_135d4a97820502,2026-10-02T12:00:00Z,EMAIL,APPROVED,29,2026-10-02T12:00:00Z,UPSERT,b003
b014,VE_223eb96ecb611e,1,VE_f0aa05b5453c81,IQ_98280845a4c8b5,VE_a7d64d4b06aef3,IQ_54291f6d98eec1,2026-08-09T12:00:00Z,EMAIL,APPROVED,16,2026-08-09T12:00:00Z,UPSERT,b001
b014,VE_2278d2bde55a0e,1,VE_00200d85af3a5e,IQ_141a77be55dbba,VE_d8ce93e1401020,IQ_54291f6d98eec1,2026-10-10T12:00:00Z,EMAIL,APPROVED,18,2026-10-10T12:00:00Z,UPSERT,b011
b014,VE_22af7ee81eab2d,1,VE_f6aa1bee7ea532,IQ_5e8494388814b7,VE_bd347660c02488,IQ_20c20d0e8b3a1d,2026-08-21T12:00:00Z,EMAIL,APPROVED,30,2026-08-21T12:00:00Z,UPSERT,b001
b014,VE_2332c86e370f79,1,VE_648e26eb72a912,IQ_7a7aed33c59471,VE_c0f0228a02528b,IQ_54291f6d98eec1,2026-10-02T12:00:00Z,EMAIL,APPROVED,15,2026-10-02T12:00:00Z,UPSERT,b003
b014,VE_23982f095b65b2,1,VE_09a95a08cec401,IQ_8e278d5ba4c860,VE_a7d64d4b06aef3,IQ_54291f6d98eec1,2026-10-04T12:00:00Z,EMAIL,APPROVED,21,2026-10-04T12:00:00Z,UPSERT,b005
b014,VE_23e6a798eccd72,1,VE_220839ebc4b310,IQ_6b3bf7706ff616,VE_bd347660c02488,IQ_942e78f7757950,2026-10-06T12:00:00Z,EMAIL,APPROVED,28,2026-10-06T12:00:00Z,UPSERT,b007
b014,VE_2563ed752f0d28,1,VE_762f6137cedac0,IQ_e35dbf91fb46f8,VE_c0f0228a02528b,IQ_135d4a97820502,2026-08-13T12:00:00Z,EMAIL,APPROVED,22,2026-08-13T12:00:00Z,UPSERT,b001
b014,VE_25f31f4781d208,1,VE_0de10f49034d81,IQ_36ada5c15a6636,VE_e5f238788b8d4f,IQ_135d4a97820502,2026-09-07T12:00:00Z,EMAIL,APPROVED,20,2026-09-07T12:00:00Z,UPSERT,b001
b014,VE_260d5066e1328d,1,VE_d0c66dff2154e0,IQ_a6543230d73012,VE_c0f0228a02528b,IQ_135d4a97820502,2026-07-18T12:00:00Z,EMAIL,APPROVED,21,2026-07-18T12:00:00Z,UPSERT,b001
b014,VE_2629e34d328f5b,1,VE_461597a2f31e56,IQ_92030316fdcdfe,VE_dfb9c2a7f96b2e,IQ_942e78f7757950,2026-09-08T12:00:00Z,EMAIL,APPROVED,25,2026-09-08T12:00:00Z,UPSERT,b001
b014,VE_26848802bb5097,1,VE_2ab76b6dc62d3f,IQ_3d4ddf185a627c,VE_dfb9c2a7f96b2e,IQ_54291f6d98eec1,2026-10-07T12:00:00Z,EMAIL,APPROVED,18,2026-10-07T12:00:00Z,UPSERT,b008
b014,VE_2695728bf08f5d,1,VE_a2c3a87dcd2ea9,IQ_e552f1ddf030fb,VE_6b9dd3d425b6f6,IQ_20c20d0e8b3a1d,2026-07-25T12:00:00Z,EMAIL,APPROVED,11,2026-07-25T12:00:00Z,UPSERT,b001
b014,VE_269cf5cd886ed1,1,VE_71c6f2cbc212be,IQ_416297cb8e2ce2,VE_dfb9c2a7f96b2e,IQ_942e78f7757950,2026-07-26T12:00:00Z,EMAIL,APPROVED,22,2026-07-26T12:00:00Z,UPSERT,b001
b014,VE_26c3a78f30f5c4,1,VE_8424de3c920d5a,IQ_9738f9711a47cf,VE_e5f238788b8d4f,IQ_135d4a97820502,2026-10-08T12:00:00Z,EMAIL,APPROVED,27,2026-10-08T12:00:00Z,UPSERT,b009
b014,VE_2757c6f572237d,1,VE_ec5e23b049025d,IQ_39a96fcf75a9a5,VE_d8ce93e1401020,IQ_942e78f7757950,2026-07-23T12:00:00Z,EMAIL,APPROVED,28,2026-07-23T12:00:00Z,UPSERT,b001
b014,VE_27d6e4818b86c3,1,VE_6c50a25ebbfdb7,IQ_98b4c8755fecdb,VE_5bdb3c5559b9b2,IQ_54291f6d98eec1,2026-10-09T12:00:00Z,EMAIL,APPROVED,17,2026-10-09T12:00:00Z,UPSERT,b010
b014,VE_281da229faad54,1,VE_5224307aa49566,,VE_d8ce93e1401020,SYN_UNKNOWN_PRODUCT,2026-08-20T12:00:00Z,EMAIL,APPROVED,16,2026-08-20T12:00:00Z,UPSERT,b001
b014,VE_286366c88375ab,1,VE_15d3c0fa902ddf,IQ_0a017a0ac7f565,VE_a7d64d4b06aef3,IQ_54291f6d98eec1,2026-07-26T12:00:00Z,EMAIL,APPROVED,17,2026-07-26T12:00:00Z,UPSERT,b001
b014,VE_298583a339fdfe,1,VE_f6aa1bee7ea532,IQ_5e8494388814b7,VE_bd347660c02488,IQ_942e78f7757950,2026-10-06T12:00:00Z,EMAIL,APPROVED,12,2026-10-06T12:00:00Z,UPSERT,b007
b014,VE_29f0f920f5f4dc,1,VE_e69f3c0c6bfa74,IQ_7aac0aa23092b3,VE_d8ce93e1401020,IQ_54291f6d98eec1,2026-10-07T12:00:00Z,EMAIL,APPROVED,26,2026-10-07T12:00:00Z,UPSERT,b008
b014,VE_2a731c1aa2e24a,1,VE_5242a39c00d8d1,IQ_18003b85127893,VE_bd347660c02488,IQ_942e78f7757950,2026-10-06T12:00:00Z,EMAIL,APPROVED,20,2026-10-06T12:00:00Z,UPSERT,b007
b014,VE_2ac7890fa4c172,1,VE_c9e6b9f6791e33,IQ_421f576734aa70,VE_dfb9c2a7f96b2e,IQ_942e78f7757950,2026-07-26T12:00:00Z,EMAIL,APPROVED,29,2026-07-26T12:00:00Z,UPSERT,b001
b014,VE_2ad2268499ba65,1,VE_9f26ead04e3578,IQ_2d137fa0b8b6ac,VE_dfb9c2a7f96b2e,IQ_942e78f7757950,2026-07-26T12:00:00Z,EMAIL,APPROVED,30,2026-07-26T12:00:00Z,UPSERT,b001
b014,VE_2cfaa7d3c9e974,1,VE_ef15b7e7974b5e,IQ_c0d0da0755d27e,VE_e5f238788b8d4f,IQ_135d4a97820502,2026-10-04T12:00:00Z,EMAIL,APPROVED,11,2026-10-04T12:00:00Z,UPSERT,b005
b014,VE_2cfe522afe83f4,1,VE_3f04d25ee860f8,IQ_dc42615e10696d,VE_a7d64d4b06aef3,IQ_54291f6d98eec1,2026-08-31T12:00:00Z,EMAIL,APPROVED,11,2026-08-31T12:00:00Z,UPSERT,b001
b014,VE_2d4bc7747d33f7,1,VE_65d53058353f53,IQ_5f616459dc55d5,VE_dfb9c2a7f96b2e,IQ_20c20d0e8b3a1d,2026-10-06T12:00:00Z,EMAIL,APPROVED,18,2026-10-06T12:00:00Z,UPSERT,b007
b014,VE_2da2cbb4afd7c4,1,VE_5d713f468b86c0,IQ_cd3263114f74aa,VE_dfb9c2a7f96b2e,IQ_942e78f7757950,2026-10-09T12:00:00Z,EMAIL,APPROVED,26,2026-10-09T12:00:00Z,UPSERT,b010
b014,VE_2da93a98c95d01,1,VE_5242a39c00d8d1,IQ_18003b85127893,VE_6b9dd3d425b6f6,IQ_20c20d0e8b3a1d,2026-07-30T12:00:00Z,EMAIL,APPROVED,12,2026-07-30T12:00:00Z,UPSERT,b001
b014,VE_2e3b186ac7b810,1,VE_e287c0f35813a6,IQ_0deeb3f895714d,VE_bd347660c02488,IQ_942e78f7757950,2026-10-02T12:00:00Z,EMAIL,APPROVED,16,2026-10-02T12:00:00Z,UPSERT,b003
b014,VE_2e9ad91a136bde,1,VE_f0aa05b5453c81,IQ_98280845a4c8b5,VE_5bdb3c5559b9b2,IQ_54291f6d98eec1,2026-08-16T12:00:00Z,EMAIL,APPROVED,11,2026-08-16T12:00:00Z,UPSERT,b001
b014,VE_2efe96409a1e13,1,VE_09a95a08cec401,IQ_8e278d5ba4c860,VE_5bdb3c5559b9b2,IQ_54291f6d98eec1,2026-10-08T12:00:00Z,EMAIL,APPROVED,21,2026-10-08T12:00:00Z,UPSERT,b009
b014,VE_2f48ddc257c089,1,VE_75c6827cd263b2,IQ_9360e3fed994a8,VE_e5f238788b8d4f,IQ_20c20d0e8b3a1d,2026-10-05T12:00:00Z,EMAIL,APPROVED,23,2026-10-05T12:00:00Z,UPSERT,b006
b014,VE_2f4a257078d850,1,VE_019d423b5431cd,IQ_3dfa318285836d,VE_5bdb3c5559b9b2,IQ_54291f6d98eec1,2026-08-06T12:00:00Z,EMAIL,APPROVED,21,2026-08-06T12:00:00Z,UPSERT,b001
b014,VE_2f4eae9b8fb25a,1,VE_4dd886b7fab240,IQ_c0c5a4a429739c,VE_c0f0228a02528b,IQ_135d4a97820502,2026-10-04T12:00:00Z,EMAIL,APPROVED,15,2026-10-04T12:00:00Z,UPSERT,b005
b014,VE_3121094928fc69,1,VE_c2e7fbe2a923c5,IQ_7d957caf585d5f,VE_6b9dd3d425b6f6,IQ_20c20d0e8b3a1d,2026-10-04T12:00:00Z,EMAIL,APPROVED,28,2026-10-04T12:00:00Z,UPSERT,b005
b014,VE_318e2e4ac904e1,1,VE_c741402a6c12a6,IQ_4848d214fab929,VE_dfb9c2a7f96b2e,IQ_942e78f7757950,2026-07-20T12:00:00Z,EMAIL,APPROVED,24,2026-07-20T12:00:00Z,UPSERT,b001
b014,VE_31c22ccaa0d435,1,VE_c22fd8263ec79a,IQ_9cfab99c88ecfa,VE_6b9dd3d425b6f6,IQ_54291f6d98eec1,2026-10-12T12:00:00Z,EMAIL,APPROVED,16,2026-10-12T12:00:00Z,UPSERT,b013
b014,VE_320d609563c601,1,VE_ac8319da259995,IQ_43970e05028a71,VE_d8ce93e1401020,IQ_942e78f7757950,2026-10-09T12:00:00Z,EMAIL,APPROVED,22,2026-10-09T12:00:00Z,UPSERT,b010
b014,VE_326f98ed1975e3,1,VE_ff1e01ba239fb4,IQ_12cb9c4a95124c,VE_bd347660c02488,IQ_20c20d0e8b3a1d,2026-08-05T12:00:00Z,EMAIL,APPROVED,12,2026-08-05T12:00:00Z,UPSERT,b001
b014,VE_3306d97e08f085,1,VE_19aac240e21c2a,IQ_2f4b5d63410742,VE_e5f238788b8d4f,IQ_135d4a97820502,2026-10-08T12:00:00Z,EMAIL,APPROVED,19,2026-10-08T12:00:00Z,UPSERT,b009
b014,VE_3306d97e08f085,2,VE_19aac240e21c2a,IQ_2f4b5d63410742,VE_e5f238788b8d4f,IQ_20c20d0e8b3a1d,2026-10-08T12:00:00Z,EMAIL,APPROVED,19,2026-10-10T04:00:00Z,UPSERT,b010
b014,VE_338985ee5a0759,1,VE_ef15b7e7974b5e,IQ_c0d0da0755d27e,VE_d8ce93e1401020,IQ_135d4a97820502,2026-10-12T12:00:00Z,EMAIL,APPROVED,14,2026-10-12T12:00:00Z,UPSERT,b013
b014,VE_33d29fafa876fe,1,VE_c9e6b9f6791e33,IQ_421f576734aa70,VE_d8ce93e1401020,IQ_135d4a97820502,2026-10-05T12:00:00Z,EMAIL,APPROVED,26,2026-10-05T12:00:00Z,UPSERT,b006
b014,VE_341799e4991f7b,1,VE_a458a83ce0f04b,IQ_d2fdc3f4fb6963,VE_5bdb3c5559b9b2,IQ_54291f6d98eec1,2026-08-13T12:00:00Z,EMAIL,APPROVED,10,2026-08-13T12:00:00Z,UPSERT,b001
b014,VE_344b61eccc5621,1,VE_d2f50255fa2ba4,IQ_509a5e82c33b0a,VE_dfb9c2a7f96b2e,IQ_942e78f7757950,2026-09-06T12:00:00Z,EMAIL,APPROVED,12,2026-09-06T12:00:00Z,UPSERT,b001
b014,VE_3450c0805b94cc,1,VE_f7b572b359e4e3,IQ_73a7e08f759536,VE_c0f0228a02528b,IQ_942e78f7757950,2026-10-10T12:00:00Z,EMAIL,APPROVED,11,2026-10-10T12:00:00Z,UPSERT,b011
b014,VE_348d40c845ee68,1,VE_b30bbcd0283192,IQ_69fdea3e549ac6,VE_6b9dd3d425b6f6,IQ_942e78f7757950,2026-10-06T12:00:00Z,EMAIL,APPROVED,12,2026-10-06T12:00:00Z,UPSERT,b007
b014,VE_34dc4e3af86166,1,VE_e287c0f35813a6,IQ_0deeb3f895714d,VE_6b9dd3d425b6f6,IQ_942e78f7757950,2026-10-06T12:00:00Z,EMAIL,APPROVED,16,2026-10-06T12:00:00Z,UPSERT,b007
b014,VE_35765da96ff062,1,VE_a8c0b118f70e90,IQ_08580b228e97d8,VE_a7d64d4b06aef3,IQ_20c20d0e8b3a1d,2026-10-03T12:00:00Z,EMAIL,APPROVED,21,2026-10-03T12:00:00Z,UPSERT,b004
b014,VE_35c8b95070fa5f,1,VE_13b9277a8de654,IQ_0dd2b8fa221f25,VE_e5f238788b8d4f,IQ_135d4a97820502,2026-09-26T12:00:00Z,EMAIL,APPROVED,27,2026-09-26T12:00:00Z,UPSERT,b001
b014,VE_35ff345fb2c075,1,VE_265f423ad0ae7e,IQ_3a78b487cced5b,VE_6b9dd3d425b6f6,IQ_20c20d0e8b3a1d,2026-09-27T12:00:00Z,EMAIL,APPROVED,14,2026-09-27T12:00:00Z,UPSERT,b001
b014,VE_360964c736dbd1,1,VE_d0c264607dea04,IQ_2f504035abf7db,VE_c0f0228a02528b,IQ_135d4a97820502,2026-08-02T12:00:00Z,EMAIL,APPROVED,21,2026-08-02T12:00:00Z,UPSERT,b001
b014,VE_36774b4b5441b3,1,VE_c3d97a4cba0334,IQ_4d5f03fbf84998,VE_c0f0228a02528b,IQ_942e78f7757950,2026-10-07T12:00:00Z,EMAIL,APPROVED,15,2026-10-07T12:00:00Z,UPSERT,b008
b014,VE_377136686311cb,1,VE_5224307aa49566,,VE_dfb9c2a7f96b2e,IQ_942e78f7757950,2026-08-07T12:00:00Z,EMAIL,APPROVED,21,2026-08-07T12:00:00Z,UPSERT,b001
b014,VE_37d65d455464b0,1,VE_816a43cfa4bbba,IQ_786571a47515e2,VE_d8ce93e1401020,IQ_20c20d0e8b3a1d,2026-10-02T12:00:00Z,EMAIL,APPROVED,26,2026-10-02T12:00:00Z,UPSERT,b003
b014,VE_382db139ddfda8,1,VE_52b1894abf11ea,IQ_9fb9d375951c9f,VE_6b9dd3d425b6f6,IQ_20c20d0e8b3a1d,2026-07-23T12:00:00Z,EMAIL,APPROVED,18,2026-07-23T12:00:00Z,UPSERT,b001
b014,VE_38b1989d5174f4,1,VE_795919f196307c,IQ_13e21692d46c20,VE_a7d64d4b06aef3,IQ_54291f6d98eec1,2026-08-28T12:00:00Z,EMAIL,APPROVED,30,2026-08-28T12:00:00Z,UPSERT,b001
b014,VE_39b4d7e7e75b26,1,VE_6c50a25ebbfdb7,IQ_98b4c8755fecdb,VE_6b9dd3d425b6f6,IQ_20c20d0e8b3a1d,2026-07-23T12:00:00Z,EMAIL,APPROVED,30,2026-07-23T12:00:00Z,UPSERT,b001
b014,VE_39f6cc8152811d,1,VE_15d3c0fa902ddf,IQ_0a017a0ac7f565,VE_5bdb3c5559b9b2,IQ_54291f6d98eec1,2026-09-16T12:00:00Z,EMAIL,APPROVED,22,2026-09-16T12:00:00Z,UPSERT,b001
b014,VE_3a28bc6f89591b,1,VE_f37614d88a5207,IQ_2220dc90360c82,VE_bd347660c02488,IQ_20c20d0e8b3a1d,2026-10-08T12:00:00Z,EMAIL,APPROVED,16,2026-10-08T12:00:00Z,UPSERT,b009
b014,VE_3a726f9aa2c119,1,VE_2a83df57539c57,,VE_5bdb3c5559b9b2,IQ_54291f6d98eec1,2026-08-01T12:00:00Z,EMAIL,APPROVED,20,2026-08-01T12:00:00Z,UPSERT,b001
b014,VE_3aa897020b73b9,1,VE_a8c0b118f70e90,IQ_08580b228e97d8,VE_a7d64d4b06aef3,IQ_54291f6d98eec1,2026-08-01T12:00:00Z,EMAIL,APPROVED,22,2026-08-01T12:00:00Z,UPSERT,b001
b014,VE_3ab903cb86c781,1,VE_b30bbcd0283192,IQ_69fdea3e549ac6,VE_bd347660c02488,IQ_20c20d0e8b3a1d,2026-09-11T12:00:00Z,EMAIL,APPROVED,24,2026-09-11T12:00:00Z,UPSERT,b001
b014,VE_3ad8e65bba032b,1,VE_71533239b71955,IQ_68ae4cb00ee2a3,VE_d8ce93e1401020,IQ_20c20d0e8b3a1d,2026-10-02T12:00:00Z,EMAIL,APPROVED,14,2026-10-02T12:00:00Z,UPSERT,b003
b014,VE_3bab56ec665594,1,VE_42b7e02b086268,IQ_4ecb0bfc8dd1b1,VE_a7d64d4b06aef3,IQ_54291f6d98eec1,2026-10-11T12:00:00Z,EMAIL,APPROVED,17,2026-10-11T12:00:00Z,UPSERT,b012
b014,VE_3be166b86438fc,1,VE_65d53058353f53,IQ_5f616459dc55d5,VE_d8ce93e1401020,IQ_942e78f7757950,2026-07-31T12:00:00Z,EMAIL,APPROVED,10,2026-07-31T12:00:00Z,UPSERT,b001
b014,VE_3bfe6d7b510aa0,1,VE_8424de3c920d5a,IQ_9738f9711a47cf,VE_c0f0228a02528b,IQ_135d4a97820502,2026-08-23T12:00:00Z,EMAIL,APPROVED,27,2026-08-23T12:00:00Z,UPSERT,b001
b014,VE_3c08c783da8c63,1,VE_5b53424a8fb530,IQ_3716885bdeac28,VE_bd347660c02488,IQ_20c20d0e8b3a1d,2026-10-11T12:00:00Z,EMAIL,APPROVED,16,2026-10-11T12:00:00Z,UPSERT,b012
b014,VE_3c3f39bf1c6de8,1,VE_d0c264607dea04,IQ_2f504035abf7db,VE_c0f0228a02528b,IQ_135d4a97820502,2026-09-13T12:00:00Z,EMAIL,APPROVED,10,2026-09-13T12:00:00Z,UPSERT,b001
b014,VE_3c9920cdd106a6,1,VE_e69f3c0c6bfa74,IQ_7aac0aa23092b3,VE_dfb9c2a7f96b2e,IQ_942e78f7757950,2026-09-20T12:00:00Z,EMAIL,APPROVED,17,2026-09-20T12:00:00Z,UPSERT,b001
b014,VE_3d1740bd6c58c0,1,VE_5f0143593aa9a7,IQ_04fbe99519f267,VE_6b9dd3d425b6f6,IQ_135d4a97820502,2026-10-07T12:00:00Z,EMAIL,APPROVED,28,2026-10-07T12:00:00Z,UPSERT,b008
b014,VE_3d1bdf5cc9129e,1,VE_3c1f574e00e61d,IQ_728f393240bb1d,VE_d8ce93e1401020,IQ_942e78f7757950,2026-10-04T12:00:00Z,EMAIL,APPROVED,22,2026-10-04T12:00:00Z,UPSERT,b005
b014,VE_3d574f86f983d8,1,VE_0642a2000cd8ac,IQ_3adc52fba19d98,VE_c0f0228a02528b,IQ_135d4a97820502,2026-07-28T12:00:00Z,EMAIL,APPROVED,13,2026-07-28T12:00:00Z,UPSERT,b001
b014,VE_3d8257c48e8762,1,VE_c2e7fbe2a923c5,IQ_7d957caf585d5f,VE_bd347660c02488,IQ_20c20d0e8b3a1d,2026-10-08T12:00:00Z,EMAIL,APPROVED,28,2026-10-08T12:00:00Z,UPSERT,b009
b014,VE_3d8dc7aca2cbd9,1,VE_ff74cf7f1992a8,IQ_978447cff2fdd5,VE_c0f0228a02528b,IQ_135d4a97820502,2026-09-22T12:00:00Z,EMAIL,APPROVED,29,2026-09-22T12:00:00Z,UPSERT,b001
b014,VE_3dd6db24f7ef13,1,VE_02fcb1978f6c90,IQ_a1f14c57569bd9,VE_a7d64d4b06aef3,IQ_54291f6d98eec1,2026-10-08T12:00:00Z,EMAIL,APPROVED,29,2026-10-08T12:00:00Z,UPSERT,b009
b014,VE_3f2f42f19d7c03,1,VE_3286b39eada443,IQ_f8f7bb250ca8f2,VE_d8ce93e1401020,IQ_20c20d0e8b3a1d,2026-10-06T12:00:00Z,EMAIL,APPROVED,14,2026-10-06T12:00:00Z,UPSERT,b007
b014,VE_407db569cb23fc,1,VE_5224307aa49566,,VE_d8ce93e1401020,IQ_942e78f7757950,2026-10-04T12:00:00Z,EMAIL,APPROVED,26,2026-10-04T12:00:00Z,UPSERT,b005
b014,VE_409a814d917d3a,1,VE_b30bbcd0283192,IQ_69fdea3e549ac6,VE_6b9dd3d425b6f6,IQ_20c20d0e8b3a1d,2026-09-15T12:00:00Z,EMAIL,APPROVED,29,2026-09-15T12:00:00Z,UPSERT,b001
b014,VE_4174d9fedc1abb,1,VE_ff1e01ba239fb4,IQ_12cb9c4a95124c,VE_6b9dd3d425b6f6,IQ_942e78f7757950,2026-10-02T12:00:00Z,EMAIL,APPROVED,16,2026-10-02T12:00:00Z,UPSERT,b003
b014,VE_42b9b5a17cc18a,1,VE_983800ac45775c,IQ_f07eaf14e693a5,VE_a7d64d4b06aef3,IQ_54291f6d98eec1,2026-08-26T12:00:00Z,EMAIL,DRAFT,28,2026-08-26T12:00:00Z,UPSERT,b001
b014,VE_42e293ca36b8ed,1,VE_75c6827cd263b2,IQ_9360e3fed994a8,VE_c0f0228a02528b,IQ_135d4a97820502,2026-09-22T12:00:00Z,EMAIL,APPROVED,16,2026-09-22T12:00:00Z,UPSERT,b001
b014,VE_43ac1ca8880b00,1,VE_4dd886b7fab240,IQ_c0c5a4a429739c,VE_e5f238788b8d4f,IQ_135d4a97820502,2026-10-08T12:00:00Z,EMAIL,APPROVED,15,2026-10-08T12:00:00Z,UPSERT,b009
b014,VE_4470f28c183858,1,VE_6c50a25ebbfdb7,IQ_98b4c8755fecdb,VE_bd347660c02488,IQ_20c20d0e8b3a1d,2026-09-02T12:00:00Z,EMAIL,APPROVED,14,2026-09-02T12:00:00Z,UPSERT,b001
b014,VE_44711b2fb816de,1,VE_5f0143593aa9a7,IQ_04fbe99519f267,VE_bd347660c02488,IQ_135d4a97820502,2026-10-03T12:00:00Z,EMAIL,APPROVED,28,2026-10-03T12:00:00Z,UPSERT,b004
b014,VE_451ce17aa468a4,1,VE_5d713f468b86c0,IQ_cd3263114f74aa,VE_a7d64d4b06aef3,IQ_54291f6d98eec1,2026-07-26T12:00:00Z,EMAIL,APPROVED,23,2026-07-26T12:00:00Z,UPSERT,b001
b014,VE_4571b856b4b788,1,VE_795919f196307c,IQ_13e21692d46c20,VE_6b9dd3d425b6f6,IQ_135d4a97820502,2026-10-10T12:00:00Z,EMAIL,APPROVED,20,2026-10-10T12:00:00Z,UPSERT,b011
b014,VE_45d86101351940,1,VE_71533239b71955,IQ_68ae4cb00ee2a3,VE_dfb9c2a7f96b2e,IQ_20c20d0e8b3a1d,2026-10-06T12:00:00Z,EMAIL,APPROVED,14,2026-10-06T12:00:00Z,UPSERT,b007
b014,VE_463fa922dbf03a,1,VE_5d713f468b86c0,IQ_cd3263114f74aa,VE_5bdb3c5559b9b2,IQ_54291f6d98eec1,2026-08-11T12:00:00Z,EMAIL,APPROVED,18,2026-08-11T12:00:00Z,UPSERT,b001
b014,VE_4644d58ef28cb9,1,VE_88d7ba522fc46c,IQ_7456b6114ee921,VE_6b9dd3d425b6f6,IQ_135d4a97820502,2026-10-07T12:00:00Z,EMAIL,APPROVED,20,2026-10-07T12:00:00Z,UPSERT,b008
b014,VE_46c429cde5d753,1,VE_52b1894abf11ea,IQ_9fb9d375951c9f,VE_e5f238788b8d4f,IQ_54291f6d98eec1,2026-10-13T12:00:00Z,EMAIL,APPROVED,23,2026-10-13T12:00:00Z,UPSERT,b014
b014,VE_47334a3302e46b,1,VE_19aac240e21c2a,IQ_2f4b5d63410742,VE_c0f0228a02528b,IQ_942e78f7757950,2026-10-03T12:00:00Z,EMAIL,APPROVED,19,2026-10-03T12:00:00Z,UPSERT,b004
b014,VE_4797be69c35482,1,VE_b1422f3824524b,IQ_eeb2a0b0f2ecd8,VE_5bdb3c5559b9b2,IQ_942e78f7757950,2026-10-12T12:00:00Z,EMAIL,APPROVED,17,2026-10-12T12:00:00Z,UPSERT,b013
b014,VE_479a254ad85160,1,VE_0de10f49034d81,IQ_36ada5c15a6636,VE_e5f238788b8d4f,IQ_135d4a97820502,2026-08-27T12:00:00Z,EMAIL,DRAFT,30,2026-08-27T12:00:00Z,UPSERT,b001
b014,VE_481496e4a83812,1,VE_b30bbcd0283192,IQ_69fdea3e549ac6,VE_bd347660c02488,IQ_942e78f7757950,2026-10-02T12:00:00Z,EMAIL,APPROVED,12,2026-10-02T12:00:00Z,UPSERT,b003
b014,VE_4823d326c7ca30,1,VE_6c50a25ebbfdb7,IQ_98b4c8755fecdb,VE_bd347660c02488,IQ_54291f6d98eec1,2026-10-05T12:00:00Z,EMAIL,APPROVED,16,2026-10-05T12:00:00Z,UPSERT,b006
b014,VE_487d71008bca17,1,VE_02fcb1978f6c90,IQ_a1f14c57569bd9,VE_5bdb3c5559b9b2,IQ_54291f6d98eec1,2026-09-21T12:00:00Z,EMAIL,APPROVED,29,2026-09-21T12:00:00Z,UPSERT,b001
b014,VE_489a372d683723,1,VE_3db35dc532eeaa,IQ_f8746fa6d8ac04,VE_a7d64d4b06aef3,IQ_54291f6d98eec1,2026-09-08T12:00:00Z,EMAIL,APPROVED,21,2026-09-08T12:00:00Z,UPSERT,b001
b014,VE_4919998abadb1d,1,VE_55b3a4a96dcd4b,IQ_2bf809008f4101,VE_d8ce93e1401020,IQ_942e78f7757950,2026-10-11T12:00:00Z,EMAIL,APPROVED,10,2026-10-11T12:00:00Z,UPSERT,b012
b014,VE_49510fcdfcdffc,1,VE_a8c0b118f70e90,IQ_08580b228e97d8,VE_5bdb3c5559b9b2,IQ_54291f6d98eec1,2026-08-30T12:00:00Z,EMAIL,APPROVED,17,2026-08-30T12:00:00Z,UPSERT,b001
b014,VE_4a2598a5c0924d,1,VE_4dd886b7fab240,IQ_c0c5a4a429739c,VE_dfb9c2a7f96b2e,IQ_135d4a97820502,2026-10-12T12:00:00Z,EMAIL,APPROVED,18,2026-10-12T12:00:00Z,UPSERT,b013
b014,VE_4a53de95f6ff98,1,VE_a462cf78c4602e,IQ_094a9ccef25ce4,VE_6b9dd3d425b6f6,IQ_135d4a97820502,2026-10-03T12:00:00Z,EMAIL,APPROVED,24,2026-10-03T12:00:00Z,UPSERT,b004
b014,VE_4ab4795ddee3d5,1,VE_6884d78be1e27f,IQ_d70ceade00121a,VE_c0f0228a02528b,IQ_135d4a97820502,2026-08-21T12:00:00Z,EMAIL,APPROVED,20,2026-08-21T12:00:00Z,UPSERT,b001
b014,VE_4b07855f4fd991,1,VE_ecb874ff3e1b04,IQ_d7ec2fb9c64928,VE_dfb9c2a7f96b2e,IQ_942e78f7757950,2026-08-24T12:00:00Z,EMAIL,APPROVED,20,2026-08-24T12:00:00Z,UPSERT,b001
b014,VE_4bd2e54c146ef0,1,VE_52b1894abf11ea,IQ_9fb9d375951c9f,VE_bd347660c02488,IQ_20c20d0e8b3a1d,2026-08-25T12:00:00Z,EMAIL,APPROVED,13,2026-08-25T12:00:00Z,UPSERT,b001
b014,VE_4bf0d7dff21fb5,1,VE_55aba8abe027dc,IQ_63e125117381f1,VE_e5f238788b8d4f,IQ_135d4a97820502,2026-10-09T12:00:00Z,EMAIL,APPROVED,19,2026-10-09T12:00:00Z,UPSERT,b010
b014,VE_4d304fb2c4b9e4,1,VE_ff74cf7f1992a8,IQ_978447cff2fdd5,VE_c0f0228a02528b,IQ_54291f6d98eec1,2026-10-02T12:00:00Z,EMAIL,APPROVED,27,2026-10-02T12:00:00Z,UPSERT,b003
b014,VE_4e3a335df4d61e,1,VE_4ae72a089dd8cb,IQ_19497683e93201,VE_6b9dd3d425b6f6,IQ_20c20d0e8b3a1d,2026-09-18T00:00:00Z,EMAIL,APPROVED,16,2026-09-18T00:00:00Z,UPSERT,b001
b014,VE_4efc9d92370139,1,VE_efc5c572b933a0,IQ_bee67dd5b938ba,VE_5bdb3c5559b9b2,IQ_54291f6d98eec1,2026-10-04T12:00:00Z,EMAIL,APPROVED,25,2026-10-04T12:00:00Z,UPSERT,b005
b014,VE_4fa90090127366,1,VE_f6aa1bee7ea532,IQ_5e8494388814b7,VE_6b9dd3d425b6f6,IQ_20c20d0e8b3a1d,2026-08-02T12:00:00Z,EMAIL,APPROVED,14,2026-08-02T12:00:00Z,UPSERT,b001
b014,VE_4fe57c4674c296,1,VE_d2f50255fa2ba4,IQ_509a5e82c33b0a,VE_d8ce93e1401020,IQ_942e78f7757950,2026-08-20T12:00:00Z,EMAIL,APPROVED,17,2026-08-20T12:00:00Z,UPSERT,b001
b014,VE_503f6f86753b9e,1,VE_fa7b71df3f49fe,IQ_f4cb6e0d00a708,VE_c0f0228a02528b,IQ_20c20d0e8b3a1d,2026-10-12T12:00:00Z,EMAIL,APPROVED,27,2026-10-12T12:00:00Z,UPSERT,b013
b014,VE_50c474068ebcb6,1,VE_c21dfac4ce6526,IQ_d8d4e5a826c8f9,VE_a7d64d4b06aef3,IQ_54291f6d98eec1,2026-09-15T12:00:00Z,EMAIL,APPROVED,17,2026-09-15T12:00:00Z,UPSERT,b001
b014,VE_510beebbb5d222,1,VE_0642a2000cd8ac,IQ_3adc52fba19d98,VE_dfb9c2a7f96b2e,IQ_54291f6d98eec1,2026-10-10T12:00:00Z,EMAIL,APPROVED,14,2026-10-10T12:00:00Z,UPSERT,b011
b014,VE_5176780135b757,1,VE_866e2cf66246a5,IQ_b999195dfbc669,VE_dfb9c2a7f96b2e,IQ_942e78f7757950,2026-08-26T12:00:00Z,EMAIL,APPROVED,18,2026-08-26T12:00:00Z,UPSERT,b001
b014,VE_52943aeaca452a,1,VE_81bb42b4d03067,IQ_91142399c21c7e,VE_c0f0228a02528b,IQ_135d4a97820502,2026-10-08T12:00:00Z,EMAIL,APPROVED,19,2026-10-08T12:00:00Z,UPSERT,b009
b014,VE_52c4c46f8eb95a,1,VE_9f26ead04e3578,IQ_2d137fa0b8b6ac,VE_dfb9c2a7f96b2e,IQ_942e78f7757950,2026-10-04T12:00:00Z,EMAIL,APPROVED,10,2026-10-04T12:00:00Z,UPSERT,b005
b014,VE_52f9a4cf717186,1,VE_5242a39c00d8d1,IQ_18003b85127893,VE_e5f238788b8d4f,IQ_942e78f7757950,2026-10-10T12:00:00Z,EMAIL,APPROVED,23,2026-10-10T12:00:00Z,UPSERT,b011
b014,VE_53fbf3a6b1852c,1,VE_e69f3c0c6bfa74,IQ_7aac0aa23092b3,VE_dfb9c2a7f96b2e,IQ_942e78f7757950,2026-08-11T12:00:00Z,EMAIL,APPROVED,27,2026-08-11T12:00:00Z,UPSERT,b001
b014,VE_541a2f80cfa84d,1,VE_b66c5c0e5ee149,IQ_8020ee5b2ab3b4,VE_bd347660c02488,IQ_20c20d0e8b3a1d,2026-08-01T12:00:00Z,EMAIL,APPROVED,28,2026-08-01T12:00:00Z,UPSERT,b001
b014,VE_5475628825929a,1,VE_2b4a021b059e8d,IQ_769ac94cb87c37,VE_e5f238788b8d4f,IQ_20c20d0e8b3a1d,2026-10-12T12:00:00Z,EMAIL,APPROVED,23,2026-10-12T12:00:00Z,UPSERT,b013
b014,VE_54bdd501b17f6d,1,VE_2ab76b6dc62d3f,IQ_3d4ddf185a627c,VE_dfb9c2a7f96b2e,IQ_942e78f7757950,2026-08-22T12:00:00Z,EMAIL,APPROVED,13,2026-08-22T12:00:00Z,UPSERT,b001
b014,VE_5521131385deb3,1,VE_c2e7fbe2a923c5,IQ_7d957caf585d5f,VE_bd347660c02488,IQ_20c20d0e8b3a1d,2026-07-23T12:00:00Z,EMAIL,APPROVED,12,2026-07-23T12:00:00Z,UPSERT,b001
b014,VE_5521131385deb3,2,VE_c2e7fbe2a923c5,IQ_7d957caf585d5f,VE_bd347660c02488,IQ_20c20d0e8b3a1d,2026-07-23T12:00:00Z,EMAIL,APPROVED,12,2026-10-01T18:30:00Z,DELETE,b002
b014,VE_5567a28208fb8a,1,VE_2ab76b6dc62d3f,IQ_3d4ddf185a627c,VE_d8ce93e1401020,IQ_54291f6d98eec1,2026-10-03T12:00:00Z,EMAIL,APPROVED,18,2026-10-03T12:00:00Z,UPSERT,b004
b014,VE_5631c671e0425d,1,VE_18dc7b377bf025,IQ_90eb0591b897d4,VE_bd347660c02488,IQ_20c20d0e8b3a1d,2026-10-09T12:00:00Z,EMAIL,APPROVED,20,2026-10-09T12:00:00Z,UPSERT,b010
b014,VE_571d0b709dacd9,1,VE_02fcb1978f6c90,IQ_a1f14c57569bd9,VE_5bdb3c5559b9b2,IQ_54291f6d98eec1,2026-10-04T12:00:00Z,EMAIL,APPROVED,29,2026-10-04T12:00:00Z,UPSERT,b005
b014,VE_58f7e612ec692d,1,VE_f0aa05b5453c81,IQ_98280845a4c8b5,VE_a7d64d4b06aef3,IQ_54291f6d98eec1,2026-10-08T12:00:00Z,EMAIL,APPROVED,21,2026-10-08T12:00:00Z,UPSERT,b009
b014,VE_591f65baa8a075,1,VE_a3b69a88749cb3,IQ_bbf16dea36ebe6,VE_a7d64d4b06aef3,IQ_54291f6d98eec1,2026-08-05T12:00:00Z,EMAIL,APPROVED,14,2026-08-05T12:00:00Z,UPSERT,b001
b014,VE_59ac564b80b7be,1,VE_5224307aa49566,,VE_dfb9c2a7f96b2e,IQ_942e78f7757950,2026-10-08T12:00:00Z,EMAIL,APPROVED,26,2026-10-08T12:00:00Z,UPSERT,b009
b014,VE_59baf3317dd984,1,VE_3f04d25ee860f8,IQ_dc42615e10696d,VE_6b9dd3d425b6f6,IQ_135d4a97820502,2026-10-10T12:00:00Z,EMAIL,APPROVED,12,2026-10-10T12:00:00Z,UPSERT,b011
b014,VE_59d962ee6cc906,1,VE_8424de3c920d5a,IQ_9738f9711a47cf,VE_e5f238788b8d4f,IQ_135d4a97820502,2026-08-24T12:00:00Z,EMAIL,APPROVED,11,2026-08-24T12:00:00Z,UPSERT,b001
b014,VE_59d962ee6cc906,2,VE_8424de3c920d5a,IQ_9738f9711a47cf,VE_e5f238788b8d4f,IQ_20c20d0e8b3a1d,2026-08-24T12:00:00Z,EMAIL,APPROVED,11,2026-10-01T18:00:00Z,UPSERT,b002
b014,VE_59e69b3bd97a4a,1,VE_e287c0f35813a6,IQ_0deeb3f895714d,VE_bd347660c02488,IQ_20c20d0e8b3a1d,2026-08-08T12:00:00Z,EMAIL,APPROVED,18,2026-08-08T12:00:00Z,UPSERT,b001
b014,VE_5a08c5f0b6d3e3,1,VE_019d423b5431cd,IQ_3dfa318285836d,VE_a7d64d4b06aef3,IQ_135d4a97820502,2026-10-06T12:00:00Z,EMAIL,APPROVED,29,2026-10-06T12:00:00Z,UPSERT,b007
b014,VE_5a90d1f0179dbc,1,VE_220839ebc4b310,IQ_6b3bf7706ff616,VE_e5f238788b8d4f,IQ_942e78f7757950,2026-10-10T12:00:00Z,EMAIL,APPROVED,11,2026-10-10T12:00:00Z,UPSERT,b011
b014,VE_5c116b3bace348,1,VE_795919f196307c,IQ_13e21692d46c20,VE_5bdb3c5559b9b2,IQ_54291f6d98eec1,2026-08-18T12:00:00Z,EMAIL,APPROVED,14,2026-08-18T12:00:00Z,UPSERT,b001
b014,VE_5cb76964a20361,1,VE_00200d85af3a5e,IQ_141a77be55dbba,VE_c0f0228a02528b,IQ_54291f6d98eec1,2026-10-06T12:00:00Z,EMAIL,APPROVED,15,2026-10-06T12:00:00Z,UPSERT,b007
b014,VE_5d84bfa56554ec,1,VE_55aba8abe027dc,IQ_63e125117381f1,VE_d8ce93e1401020,IQ_135d4a97820502,2026-10-05T12:00:00Z,EMAIL,APPROVED,18,2026-10-05T12:00:00Z,UPSERT,b006
b014,VE_5d9711d11ccab6,1,VE_c3d97a4cba0334,IQ_4d5f03fbf84998,VE_e5f238788b8d4f,IQ_135d4a97820502,2026-08-21T12:00:00Z,EMAIL,APPROVED,15,2026-08-21T12:00:00Z,UPSERT,b001
b014,VE_5dc57cc847ca8e,1,VE_c5029abcf98cbb,IQ_5e1000fc0be969,VE_a7d64d4b06aef3,IQ_20c20d0e8b3a1d,2026-10-07T12:00:00Z,EMAIL,APPROVED,25,2026-10-07T12:00:00Z,UPSERT,b008
b014,VE_5e6f0be52d8294,1,VE_e046679fa7995d,IQ_cf446d2ff0e298,VE_c0f0228a02528b,IQ_942e78f7757950,2026-10-03T12:00:00Z,EMAIL,APPROVED,23,2026-10-03T12:00:00Z,UPSERT,b004
b014,VE_5eb6dc812f2f2b,1,VE_a462cf78c4602e,IQ_094a9ccef25ce4,VE_6b9dd3d425b6f6,IQ_20c20d0e8b3a1d,2026-07-23T12:00:00Z,EMAIL,APPROVED,25,2026-07-23T12:00:00Z,UPSERT,b001
b014,VE_5ee5b7d2a166ac,1,VE_52b1894abf11ea,IQ_9fb9d375951c9f,VE_a7d64d4b06aef3,IQ_54291f6d98eec1,2026-10-09T12:00:00Z,EMAIL,APPROVED,21,2026-10-09T12:00:00Z,UPSERT,b010
b014,VE_5fcc5306282e95,1,VE_d2f60a2db02aef,IQ_cebb1fc978b824,VE_e5f238788b8d4f,IQ_135d4a97820502,2026-07-23T12:00:00Z,EMAIL,APPROVED,12,2026-07-23T12:00:00Z,UPSERT,b001
b014,VE_60f8d949708a53,1,VE_0de10f49034d81,IQ_36ada5c15a6636,VE_c0f0228a02528b,IQ_20c20d0e8b3a1d,2026-10-05T12:00:00Z,EMAIL,APPROVED,27,2026-10-05T12:00:00Z,UPSERT,b006
b014,VE_6149186411ceca,1,VE_461597a2f31e56,IQ_92030316fdcdfe,VE_d8ce93e1401020,IQ_942e78f7757950,2026-09-06T12:00:00Z,EMAIL,APPROVED,20,2026-09-06T12:00:00Z,UPSERT,b001
b014,VE_6184151ea37929,1,VE_3286b39eada443,IQ_f8f7bb250ca8f2,VE_dfb9c2a7f96b2e,IQ_942e78f7757950,2026-08-12T12:00:00Z,EMAIL,APPROVED,16,2026-08-12T12:00:00Z,UPSERT,b001
b014,VE_6208512a4dd9d0,1,VE_33050ef927a762,IQ_f412bc7dfa9020,VE_a7d64d4b06aef3,IQ_135d4a97820502,2026-10-06T12:00:00Z,EMAIL,APPROVED,13,2026-10-06T12:00:00Z,UPSERT,b007
b014,VE_621c192cdea03b,1,VE_5b53424a8fb530,IQ_3716885bdeac28,VE_5bdb3c5559b9b2,IQ_54291f6d98eec1,2026-09-25T12:00:00Z,EMAIL,DRAFT,24,2026-09-25T12:00:00Z,UPSERT,b001
b014,VE_62a0f3035fa17c,1,VE_48d952748ec6b5,IQ_b8a09904e4cc44,VE_6b9dd3d425b6f6,IQ_20c20d0e8b3a1d,2026-08-04T12:00:00Z,EMAIL,APPROVED,10,2026-08-04T12:00:00Z,UPSERT,b001
b014,VE_62a60c1b1aefb7,1,VE_d0c66dff2154e0,IQ_a6543230d73012,VE_c0f0228a02528b,IQ_54291f6d98eec1,2026-10-02T12:00:00Z,EMAIL,APPROVED,19,2026-10-02T12:00:00Z,UPSERT,b003
b014,VE_6353b3d2e5d04b,1,VE_b66c5c0e5ee149,IQ_8020ee5b2ab3b4,VE_6b9dd3d425b6f6,IQ_135d4a97820502,2026-10-03T12:00:00Z,EMAIL,APPROVED,12,2026-10-03T12:00:00Z,UPSERT,b004
b014,VE_63653455eafacd,1,VE_c259796efa90aa,IQ_6e99471b5ac975,VE_5bdb3c5559b9b2,IQ_942e78f7757950,2026-10-05T12:00:00Z,EMAIL,APPROVED,13,2026-10-05T12:00:00Z,UPSERT,b006
b014,VE_645392e2eb2b58,1,VE_10178ff56ce0e0,IQ_548359ef6f100c,VE_bd347660c02488,IQ_20c20d0e8b3a1d,2026-09-29T12:00:00Z,EMAIL,APPROVED,27,2026-09-29T12:00:00Z,UPSERT,b001
b014,VE_6460e2e9d793e8,1,VE_ecb874ff3e1b04,IQ_d7ec2fb9c64928,VE_c0f0228a02528b,IQ_135d4a97820502,2026-10-09T12:00:00Z,EMAIL,APPROVED,23,2026-10-09T12:00:00Z,UPSERT,b010
b014,VE_64fe4607f87c22,1,VE_55b3a4a96dcd4b,IQ_2bf809008f4101,VE_e5f238788b8d4f,IQ_135d4a97820502,2026-09-15T12:00:00Z,EMAIL,APPROVED,28,2026-09-15T12:00:00Z,UPSERT,b001
b014,VE_654ffcedd1849e,1,VE_c9e6b9f6791e33,IQ_421f576734aa70,VE_e5f238788b8d4f,IQ_135d4a97820502,2026-10-09T12:00:00Z,EMAIL,APPROVED,27,2026-10-09T12:00:00Z,UPSERT,b010
b014,VE_67862224fde4fd,1,VE_f0aa05b5453c81,IQ_98280845a4c8b5,VE_5bdb3c5559b9b2,IQ_20c20d0e8b3a1d,2026-10-03T12:00:00Z,EMAIL,APPROVED,21,2026-10-03T12:00:00Z,UPSERT,b004
b014,VE_67e335fd38c79b,1,VE_36e6cf63d8128b,IQ_b6c2a3cd950815,VE_5bdb3c5559b9b2,IQ_54291f6d98eec1,2026-10-11T12:00:00Z,EMAIL,APPROVED,13,2026-10-11T12:00:00Z,UPSERT,b012
b014,VE_6863e9302522b9,1,VE_3f04d25ee860f8,IQ_dc42615e10696d,VE_5bdb3c5559b9b2,IQ_54291f6d98eec1,2026-08-17T12:00:00Z,EMAIL,APPROVED,27,2026-08-17T12:00:00Z,UPSERT,b001
b014,VE_68826f46c09493,1,VE_c22fd8263ec79a,IQ_9cfab99c88ecfa,VE_5bdb3c5559b9b2,IQ_54291f6d98eec1,2026-10-08T12:00:00Z,EMAIL,APPROVED,13,2026-10-08T12:00:00Z,UPSERT,b009
b014,VE_69f5768e905cd2,1,VE_ec5e23b049025d,IQ_39a96fcf75a9a5,VE_d8ce93e1401020,IQ_942e78f7757950,2026-09-19T12:00:00Z,EMAIL,APPROVED,17,2026-09-19T12:00:00Z,UPSERT,b001
b014,VE_6a2835be337a37,1,VE_7d706a6b6b20ba,IQ_7552d7924c315f,VE_a7d64d4b06aef3,IQ_20c20d0e8b3a1d,2026-10-03T12:00:00Z,EMAIL,APPROVED,29,2026-10-03T12:00:00Z,UPSERT,b004
b014,VE_6aa9a23c400bb2,1,VE_e287c0f35813a6,IQ_0deeb3f895714d,VE_bd347660c02488,IQ_20c20d0e8b3a1d,2026-09-15T12:00:00Z,EMAIL,APPROVED,29,2026-09-15T12:00:00Z,UPSERT,b001
b014,VE_6b6a225ec3d8b0,1,VE_4ae72a089dd8cb,IQ_19497683e93201,VE_6b9dd3d425b6f6,IQ_20c20d0e8b3a1d,2026-07-27T12:00:00Z,EMAIL,APPROVED,27,2026-07-27T12:00:00Z,UPSERT,b001
b014,VE_6bf4e082a7a9da,1,VE_4dd886b7fab240,IQ_c0c5a4a429739c,VE_c0f0228a02528b,IQ_135d4a97820502,2026-09-12T12:00:00Z,EMAIL,APPROVED,14,2026-09-12T12:00:00Z,UPSERT,b001
b014,VE_6c564a9e076311,1,VE_4dd886b7fab240,IQ_c0c5a4a429739c,VE_e5f238788b8d4f,IQ_135d4a97820502,2026-08-26T12:00:00Z,EMAIL,APPROVED,19,2026-08-26T12:00:00Z,UPSERT,b001
b014,VE_6c7fce45b04001,1,VE_4dd886b7fab240,IQ_c0c5a4a429739c,VE_e5f238788b8d4f,IQ_135d4a97820502,2026-09-07T12:00:00Z,EMAIL,APPROVED,30,2026-09-07T12:00:00Z,UPSERT,b001
b014,VE_6c865d760da2dd,1,VE_3286b39eada443,IQ_f8f7bb250ca8f2,VE_dfb9c2a7f96b2e,IQ_942e78f7757950,2026-08-01T12:00:00Z,EMAIL,APPROVED,27,2026-08-01T12:00:00Z,UPSERT,b001
b014,VE_6c9e00b9fdbe4c,1,VE_c5029abcf98cbb,IQ_5e1000fc0be969,VE_bd347660c02488,IQ_20c20d0e8b3a1d,2026-10-11T12:00:00Z,EMAIL,APPROVED,28,2026-10-11T12:00:00Z,UPSERT,b012
b014,VE_6d1ed4116d56fe,1,VE_efc5c572b933a0,IQ_bee67dd5b938ba,VE_a7d64d4b06aef3,IQ_54291f6d98eec1,2026-09-09T12:00:00Z,EMAIL,APPROVED,19,2026-09-09T12:00:00Z,UPSERT,b001
b014,VE_6de19f6928474f,1,VE_ecb874ff3e1b04,IQ_d7ec2fb9c64928,VE_d8ce93e1401020,IQ_942e78f7757950,2026-07-26T12:00:00Z,EMAIL,APPROVED,25,2026-07-26T12:00:00Z,UPSERT,b001
b014,VE_6e4a006d729cec,1,VE_6c50a25ebbfdb7,IQ_98b4c8755fecdb,VE_6b9dd3d425b6f6,IQ_20c20d0e8b3a1d,2026-09-15T12:00:00Z,EMAIL,APPROVED,19,2026-09-15T12:00:00Z,UPSERT,b001
b014,VE_6e9329a8900897,1,VE_e046679fa7995d,IQ_cf446d2ff0e298,VE_c0f0228a02528b,IQ_135d4a97820502,2026-09-02T12:00:00Z,EMAIL,APPROVED,24,2026-09-02T12:00:00Z,UPSERT,b001
b014,VE_6f63bd92b6c3b7,1,VE_5b53424a8fb530,IQ_3716885bdeac28,VE_5bdb3c5559b9b2,IQ_20c20d0e8b3a1d,2026-10-03T12:00:00Z,EMAIL,APPROVED,13,2026-10-03T12:00:00Z,UPSERT,b004
b014,VE_70857273a3e5d6,1,VE_55aba8abe027dc,IQ_63e125117381f1,VE_dfb9c2a7f96b2e,IQ_942e78f7757950,2026-07-19T12:00:00Z,EMAIL,APPROVED,21,2026-07-19T12:00:00Z,UPSERT,b001
b014,VE_710a8219f8eff6,1,VE_88d7ba522fc46c,IQ_7456b6114ee921,VE_bd347660c02488,IQ_135d4a97820502,2026-10-03T12:00:00Z,EMAIL,APPROVED,20,2026-10-03T12:00:00Z,UPSERT,b004
b014,VE_71501191be342c,1,VE_33050ef927a762,IQ_f412bc7dfa9020,VE_5bdb3c5559b9b2,IQ_54291f6d98eec1,2026-08-10T12:00:00Z,EMAIL,APPROVED,26,2026-08-10T12:00:00Z,UPSERT,b001
b014,VE_716d39412384d9,1,VE_ff74cf7f1992a8,IQ_978447cff2fdd5,VE_c0f0228a02528b,IQ_135d4a97820502,2026-07-18T12:00:00Z,EMAIL,APPROVED,19,2026-07-18T12:00:00Z,UPSERT,b001
b014,VE_71957d803e155f,1,VE_71c6f2cbc212be,IQ_416297cb8e2ce2,VE_dfb9c2a7f96b2e,IQ_942e78f7757950,2026-07-30T12:00:00Z,EMAIL,APPROVED,11,2026-07-30T12:00:00Z,UPSERT,b001
b014,VE_71979d3e17c02c,1,VE_2ab76b6dc62d3f,IQ_3d4ddf185a627c,VE_d8ce93e1401020,IQ_942e78f7757950,2026-09-29T12:00:00Z,EMAIL,APPROVED,29,2026-09-29T12:00:00Z,UPSERT,b001
b014,VE_72890392d3025f,1,VE_5b9bf1816d8032,IQ_ad9b4b88d3a85e,VE_d8ce93e1401020,IQ_942e78f7757950,2026-10-11T12:00:00Z,EMAIL,APPROVED,22,2026-10-11T12:00:00Z,UPSERT,b012
b014,VE_72fd7c8d8c61a1,1,VE_4fa2295cdf1979,IQ_a0a629b3034557,VE_a7d64d4b06aef3,IQ_54291f6d98eec1,2026-08-17T12:00:00Z,EMAIL,APPROVED,13,2026-08-17T12:00:00Z,UPSERT,b001
b014,VE_73112d7dacc47d,1,VE_8424de3c920d5a,IQ_9738f9711a47cf,VE_c0f0228a02528b,IQ_135d4a97820502,2026-10-04T12:00:00Z,EMAIL,APPROVED,27,2026-10-04T12:00:00Z,UPSERT,b005
b014,VE_736aa452d027c2,1,VE_ff74cf7f1992a8,IQ_978447cff2fdd5,VE_e5f238788b8d4f,IQ_135d4a97820502,2026-07-23T12:00:00Z,EMAIL,APPROVED,24,2026-07-23T12:00:00Z,UPSERT,b001
b014,VE_745f2d4f894353,1,VE_55b3a4a96dcd4b,IQ_2bf809008f4101,VE_e5f238788b8d4f,IQ_135d4a97820502,2026-07-24T12:00:00Z,EMAIL,APPROVED,18,2026-07-24T12:00:00Z,UPSERT,b001
b014,VE_7524c08289b2fe,1,VE_33050ef927a762,IQ_f412bc7dfa9020,VE_a7d64d4b06aef3,IQ_54291f6d98eec1,2026-09-15T12:00:00Z,EMAIL,APPROVED,10,2026-09-15T12:00:00Z,UPSERT,b001
b014,VE_7685478102f165,1,VE_15d3c0fa902ddf,IQ_0a017a0ac7f565,VE_a7d64d4b06aef3,IQ_135d4a97820502,2026-10-02T12:00:00Z,EMAIL,APPROVED,25,2026-10-02T12:00:00Z,UPSERT,b003
b014,VE_76f28c45d07cdb,1,VE_00200d85af3a5e,IQ_141a77be55dbba,VE_e5f238788b8d4f,IQ_54291f6d98eec1,2026-10-02T12:00:00Z,EMAIL,APPROVED,15,2026-10-02T12:00:00Z,UPSERT,b003
b014,VE_76f28c45d07cdb,2,VE_00200d85af3a5e,IQ_141a77be55dbba,VE_e5f238788b8d4f,IQ_942e78f7757950,2026-10-02T12:00:00Z,EMAIL,APPROVED,15,2026-10-04T04:00:00Z,UPSERT,b004
b014,VE_76fb5e19dd2341,1,VE_e1f7a3fa04897e,IQ_a6d0c3c9f640d2,VE_c0f0228a02528b,IQ_135d4a97820502,2026-09-26T12:00:00Z,EMAIL,APPROVED,29,2026-09-26T12:00:00Z,UPSERT,b001
b014,VE_771d939e712bf2,1,VE_c259796efa90aa,IQ_6e99471b5ac975,VE_5bdb3c5559b9b2,IQ_54291f6d98eec1,2026-08-12T12:00:00Z,EMAIL,APPROVED,11,2026-08-12T12:00:00Z,UPSERT,b001
b014,VE_772d4c866d8a1a,1,VE_0f62242676d406,IQ_5d364b761e11b5,VE_d8ce93e1401020,IQ_942e78f7757950,2026-08-04T12:00:00Z,EMAIL,APPROVED,14,2026-08-04T12:00:00Z,UPSERT,b001
b014,VE_78842d8bf709df,1,VE_795919f196307c,IQ_13e21692d46c20,VE_5bdb3c5559b9b2,IQ_135d4a97820502,2026-10-06T12:00:00Z,EMAIL,APPROVED,17,2026-10-06T12:00:00Z,UPSERT,b007
b014,VE_789e81cd33f4e1,1,VE_b66c5c0e5ee149,IQ_8020ee5b2ab3b4,VE_bd347660c02488,IQ_135d4a97820502,2026-10-07T12:00:00Z,EMAIL,APPROVED,12,2026-10-07T12:00:00Z,UPSERT,b008
b014,VE_79a7fd7f62a063,1,VE_e69f3c0c6bfa74,IQ_7aac0aa23092b3,VE_d8ce93e1401020,IQ_942e78f7757950,2026-09-14T12:00:00Z,EMAIL,APPROVED,22,2026-09-14T12:00:00Z,UPSERT,b001
b014,VE_7a3d627bcde4b9,1,VE_00200d85af3a5e,IQ_141a77be55dbba,VE_e5f238788b8d4f,IQ_135d4a97820502,2026-08-19T12:00:00Z,EMAIL,APPROVED,17,2026-08-19T12:00:00Z,UPSERT,b001
b014,VE_7acb425fd45ade,1,VE_c21dfac4ce6526,IQ_d8d4e5a826c8f9,VE_a7d64d4b06aef3,IQ_20c20d0e8b3a1d,2026-10-03T12:00:00Z,EMAIL,APPROVED,17,2026-10-03T12:00:00Z,UPSERT,b004
b014,VE_7c73d4dd993d2b,1,VE_d1df39975dc133,IQ_1ad8fd972ecd6a,VE_a7d64d4b06aef3,IQ_54291f6d98eec1,2026-08-28T12:00:00Z,EMAIL,APPROVED,18,2026-08-28T12:00:00Z,UPSERT,b001
b014,VE_7c759a8ad68f88,1,VE_3c1f574e00e61d,IQ_728f393240bb1d,VE_dfb9c2a7f96b2e,IQ_942e78f7757950,2026-09-07T12:00:00Z,EMAIL,APPROVED,26,2026-09-07T12:00:00Z,UPSERT,b001
b014,VE_7d262ec8db3129,1,VE_42b7e02b086268,IQ_4ecb0bfc8dd1b1,VE_dfb9c2a7f96b2e,IQ_942e78f7757950,2026-07-30T12:00:00Z,EMAIL,APPROVED,14,2026-07-30T12:00:00Z,UPSERT,b001
b014,VE_7e205bf965004b,1,VE_c741402a6c12a6,IQ_4848d214fab929,VE_dfb9c2a7f96b2e,IQ_20c20d0e8b3a1d,2026-10-02T12:00:00Z,EMAIL,APPROVED,22,2026-10-02T12:00:00Z,UPSERT,b003
b014,VE_7ebdaa8ef8d282,1,VE_c22fd8263ec79a,IQ_9cfab99c88ecfa,VE_a7d64d4b06aef3,IQ_54291f6d98eec1,2026-10-04T12:00:00Z,EMAIL,APPROVED,13,2026-10-04T12:00:00Z,UPSERT,b005
b014,VE_7f837b4508c19b,1,VE_71c6f2cbc212be,IQ_416297cb8e2ce2,VE_d8ce93e1401020,IQ_20c20d0e8b3a1d,2026-10-06T12:00:00Z,EMAIL,APPROVED,10,2026-10-06T12:00:00Z,UPSERT,b007
b014,VE_800906453789ad,1,VE_10178ff56ce0e0,IQ_548359ef6f100c,VE_6b9dd3d425b6f6,IQ_135d4a97820502,2026-10-07T12:00:00Z,EMAIL,APPROVED,16,2026-10-07T12:00:00Z,UPSERT,b008
b014,VE_803d41e9ec543a,1,VE_c2e7fbe2a923c5,IQ_7d957caf585d5f,VE_bd347660c02488,IQ_20c20d0e8b3a1d,2026-09-09T12:00:00Z,EMAIL,APPROVED,23,2026-09-09T12:00:00Z,UPSERT,b001
b014,VE_808f5cdaa3887e,1,VE_d0c66dff2154e0,IQ_a6543230d73012,VE_e5f238788b8d4f,IQ_54291f6d98eec1,2026-10-06T12:00:00Z,EMAIL,APPROVED,19,2026-10-06T12:00:00Z,UPSERT,b007
b014,VE_80a8e7b3ef388c,1,VE_75c6827cd263b2,IQ_9360e3fed994a8,VE_6b9dd3d425b6f6,IQ_20c20d0e8b3a1d,2026-10-09T12:00:00Z,EMAIL,APPROVED,24,2026-10-09T12:00:00Z,UPSERT,b010
b014,VE_8213a165069701,1,VE_36e6cf63d8128b,IQ_b6c2a3cd950815,VE_dfb9c2a7f96b2e,IQ_942e78f7757950,2026-08-11T12:00:00Z,EMAIL,APPROVED,26,2026-08-11T12:00:00Z,UPSERT,b001
b014,VE_82e02c28b709c6,1,VE_3db35dc532eeaa,IQ_f8746fa6d8ac04,VE_bd347660c02488,IQ_54291f6d98eec1,2026-10-12T12:00:00Z,EMAIL,APPROVED,20,2026-10-12T12:00:00Z,UPSERT,b013
b014,VE_832933458b3f8d,1,VE_5f0143593aa9a7,IQ_04fbe99519f267,VE_bd347660c02488,IQ_20c20d0e8b3a1d,2026-08-25T12:00:00Z,EMAIL,DRAFT,29,2026-08-25T12:00:00Z,UPSERT,b001
b014,VE_83becbc71da0d9,1,VE_5b9bf1816d8032,IQ_ad9b4b88d3a85e,VE_c0f0228a02528b,IQ_135d4a97820502,2026-08-07T12:00:00Z,EMAIL,APPROVED,15,2026-08-07T12:00:00Z,UPSERT,b001
b014,VE_8445b39877df04,1,VE_d0c66dff2154e0,IQ_a6543230d73012,VE_dfb9c2a7f96b2e,IQ_54291f6d98eec1,2026-10-10T12:00:00Z,EMAIL,APPROVED,22,2026-10-10T12:00:00Z,UPSERT,b011
b014,VE_849bfbb6e66e20,1,VE_10178ff56ce0e0,IQ_548359ef6f100c,VE_c0f0228a02528b,IQ_20c20d0e8b3a1d,2026-10-12T12:00:00Z,EMAIL,APPROVED,19,2026-10-12T12:00:00Z,UPSERT,b013
b014,VE_84af00081f1aef,1,VE_48d952748ec6b5,IQ_b8a09904e4cc44,VE_bd347660c02488,IQ_20c20d0e8b3a1d,2026-08-24T12:00:00Z,EMAIL,APPROVED,15,2026-08-24T12:00:00Z,UPSERT,b001
b014,VE_851f91a3fb69d7,1,VE_a3b69a88749cb3,IQ_bbf16dea36ebe6,VE_5bdb3c5559b9b2,IQ_54291f6d98eec1,2026-08-13T12:00:00Z,EMAIL,APPROVED,30,2026-08-13T12:00:00Z,UPSERT,b001
b014,VE_85653470b63f44,1,VE_5b9bf1816d8032,IQ_ad9b4b88d3a85e,VE_e5f238788b8d4f,IQ_135d4a97820502,2026-08-24T12:00:00Z,EMAIL,APPROVED,20,2026-08-24T12:00:00Z,UPSERT,b001
b014,VE_85b388eb0dd600,1,VE_adc8ea3fefbc67,IQ_26088422e4cdf9,VE_bd347660c02488,IQ_20c20d0e8b3a1d,2026-09-10T12:00:00Z,EMAIL,APPROVED,26,2026-09-10T12:00:00Z,UPSERT,b001
b014,VE_85fc8e7d961bed,1,VE_7d706a6b6b20ba,IQ_7552d7924c315f,VE_5bdb3c5559b9b2,IQ_20c20d0e8b3a1d,2026-10-07T12:00:00Z,EMAIL,APPROVED,29,2026-10-07T12:00:00Z,UPSERT,b008
b014,VE_8628d586544aed,1,VE_a2c3a87dcd2ea9,IQ_e552f1ddf030fb,VE_5bdb3c5559b9b2,IQ_54291f6d98eec1,2026-10-09T12:00:00Z,EMAIL,APPROVED,29,2026-10-09T12:00:00Z,UPSERT,b010
b014,VE_863d8056531d0d,1,VE_c259796efa90aa,IQ_6e99471b5ac975,VE_a7d64d4b06aef3,IQ_54291f6d98eec1,2026-09-21T12:00:00Z,EMAIL,APPROVED,27,2026-09-21T12:00:00Z,UPSERT,b001
b014,VE_8682eebef199b3,1,VE_36e6cf63d8128b,IQ_b6c2a3cd950815,VE_d8ce93e1401020,IQ_942e78f7757950,2026-09-20T12:00:00Z,EMAIL,APPROVED,21,2026-09-20T12:00:00Z,UPSERT,b001
b014,VE_86e929ce68561f,1,VE_68cbed40f85d0c,IQ_abdd6f3d6ea2f9,VE_6b9dd3d425b6f6,IQ_20c20d0e8b3a1d,2026-07-19T12:00:00Z,EMAIL,APPROVED,17,2026-07-19T12:00:00Z,UPSERT,b001
b014,VE_86fb46277cae8f,1,VE_75c6827cd263b2,IQ_9360e3fed994a8,VE_e5f238788b8d4f,IQ_135d4a97820502,2026-08-09T12:00:00Z,EMAIL,APPROVED,21,2026-08-09T12:00:00Z,UPSERT,b001
b014,VE_876c7857ffd23c,1,VE_3db35dc532eeaa,IQ_f8746fa6d8ac04,VE_5bdb3c5559b9b2,IQ_54291f6d98eec1,2026-10-04T12:00:00Z,EMAIL,APPROVED,17,2026-10-04T12:00:00Z,UPSERT,b005
b014,VE_876dbda6752392,1,VE_55aba8abe027dc,IQ_63e125117381f1,VE_5bdb3c5559b9b2,IQ_135d4a97820502,2026-10-13T12:00:00Z,EMAIL,APPROVED,21,2026-10-13T12:00:00Z,UPSERT,b014
b014,VE_8863aaf8e231a1,1,VE_ac8319da259995,IQ_43970e05028a71,VE_5bdb3c5559b9b2,IQ_54291f6d98eec1,2026-08-22T12:00:00Z,EMAIL,APPROVED,19,2026-08-22T12:00:00Z,UPSERT,b001
b014,VE_88cf5f1a8d0b27,1,VE_f6aa1bee7ea532,IQ_5e8494388814b7,VE_e5f238788b8d4f,IQ_942e78f7757950,2026-10-10T12:00:00Z,EMAIL,APPROVED,15,2026-10-10T12:00:00Z,UPSERT,b011
b014,VE_88d379777ca986,1,VE_a3b69a88749cb3,IQ_bbf16dea36ebe6,VE_a7d64d4b06aef3,IQ_135d4a97820502,2026-10-02T12:00:00Z,EMAIL,APPROVED,13,2026-10-02T12:00:00Z,UPSERT,b003
b014,VE_899a98b8246a80,1,VE_09a95a08cec401,IQ_8e278d5ba4c860,VE_5bdb3c5559b9b2,IQ_54291f6d98eec1,2026-07-21T12:00:00Z,EMAIL,APPROVED,25,2026-07-21T12:00:00Z,UPSERT,b001
b014,VE_89d55d27bba581,1,VE_762f6137cedac0,IQ_e35dbf91fb46f8,VE_e5f238788b8d4f,IQ_135d4a97820502,2026-09-19T12:00:00Z,EMAIL,APPROVED,17,2026-09-19T12:00:00Z,UPSERT,b001
b014,VE_8a429aa57e6287,1,VE_5b53424a8fb530,IQ_3716885bdeac28,VE_a7d64d4b06aef3,IQ_54291f6d98eec1,2026-09-30T12:00:00Z,EMAIL,APPROVED,29,2026-09-30T12:00:00Z,UPSERT,b001
b014,VE_8a6e42ea226174,1,VE_adc8ea3fefbc67,IQ_26088422e4cdf9,VE_bd347660c02488,IQ_20c20d0e8b3a1d,2026-07-19T12:00:00Z,EMAIL,APPROVED,16,2026-07-19T12:00:00Z,UPSERT,b001
b014,VE_8a8243d1f70169,1,VE_42b7e02b086268,IQ_4ecb0bfc8dd1b1,VE_dfb9c2a7f96b2e,IQ_54291f6d98eec1,2026-10-03T12:00:00Z,EMAIL,APPROVED,14,2026-10-03T12:00:00Z,UPSERT,b004
b014,VE_8ae454d2240c41,1,VE_fa7b71df3f49fe,IQ_f4cb6e0d00a708,VE_bd347660c02488,IQ_20c20d0e8b3a1d,2026-08-23T12:00:00Z,EMAIL,APPROVED,24,2026-08-23T12:00:00Z,UPSERT,b001
b014,VE_8bbcb428c1c78d,1,VE_88d7ba522fc46c,IQ_7456b6114ee921,VE_c0f0228a02528b,IQ_135d4a97820502,2026-10-11T12:00:00Z,EMAIL,APPROVED,23,2026-10-11T12:00:00Z,UPSERT,b012
b014,VE_8c24e4107d3637,1,VE_c3d97a4cba0334,IQ_4d5f03fbf84998,VE_c0f0228a02528b,IQ_135d4a97820502,2026-09-12T12:00:00Z,EMAIL,APPROVED,10,2026-09-12T12:00:00Z,UPSERT,b001
b014,VE_8d7ae35e3a0a3a,1,VE_09a95a08cec401,IQ_8e278d5ba4c860,VE_a7d64d4b06aef3,IQ_54291f6d98eec1,2026-08-05T12:00:00Z,EMAIL,APPROVED,20,2026-08-05T12:00:00Z,UPSERT,b001
b014,VE_8d7b6e6470cb0b,1,VE_795919f196307c,IQ_13e21692d46c20,VE_a7d64d4b06aef3,IQ_54291f6d98eec1,2026-07-28T12:00:00Z,EMAIL,APPROVED,19,2026-07-28T12:00:00Z,UPSERT,b001
b014,VE_8d927e5577d3ed,1,VE_ec5e23b049025d,IQ_39a96fcf75a9a5,VE_dfb9c2a7f96b2e,IQ_942e78f7757950,2026-08-04T12:00:00Z,EMAIL,APPROVED,12,2026-08-04T12:00:00Z,UPSERT,b001
b014,VE_8dabd8ce6934c9,1,VE_d0c264607dea04,IQ_2f504035abf7db,VE_e5f238788b8d4f,IQ_20c20d0e8b3a1d,2026-10-05T12:00:00Z,EMAIL,APPROVED,27,2026-10-05T12:00:00Z,UPSERT,b006
b014,VE_8dabd8ce6934c9,2,VE_d0c264607dea04,IQ_2f504035abf7db,VE_e5f238788b8d4f,IQ_54291f6d98eec1,2026-10-05T12:00:00Z,EMAIL,APPROVED,27,2026-10-07T04:00:00Z,UPSERT,b007
b014,VE_8de07c1e46bbbc,1,VE_fa7b71df3f49fe,IQ_f4cb6e0d00a708,VE_bd347660c02488,IQ_20c20d0e8b3a1d,2026-09-18T12:00:00Z,EMAIL,APPROVED,14,2026-09-18T12:00:00Z,UPSERT,b001
b014,VE_8e7e9307a4a859,1,VE_71c6f2cbc212be,IQ_416297cb8e2ce2,VE_a7d64d4b06aef3,IQ_20c20d0e8b3a1d,2026-10-10T12:00:00Z,EMAIL,APPROVED,13,2026-10-10T12:00:00Z,UPSERT,b011
b014,VE_8f2ea92978ae72,1,VE_ef15b7e7974b5e,IQ_c0d0da0755d27e,VE_c0f0228a02528b,IQ_135d4a97820502,2026-09-01T12:00:00Z,EMAIL,DRAFT,26,2026-09-01T12:00:00Z,UPSERT,b001
b014,VE_8fad16f0522f39,1,VE_6884d78be1e27f,IQ_d70ceade00121a,VE_c0f0228a02528b,IQ_54291f6d98eec1,2026-10-06T12:00:00Z,EMAIL,APPROVED,23,2026-10-06T12:00:00Z,UPSERT,b007
b014,VE_8fe8b8d176ac9d,1,VE_d0c264607dea04,IQ_2f504035abf7db,VE_6b9dd3d425b6f6,IQ_20c20d0e8b3a1d,2026-10-09T12:00:00Z,EMAIL,APPROVED,28,2026-10-09T12:00:00Z,UPSERT,b010
b014,VE_8ff311227821a1,1,VE_13b9277a8de654,IQ_0dd2b8fa221f25,VE_c0f0228a02528b,IQ_942e78f7757950,2026-10-03T12:00:00Z,EMAIL,APPROVED,11,2026-10-03T12:00:00Z,UPSERT,b004
b014,VE_8ff508afd7aaa3,1,VE_65d53058353f53,IQ_5f616459dc55d5,VE_5bdb3c5559b9b2,IQ_20c20d0e8b3a1d,2026-10-10T12:00:00Z,EMAIL,APPROVED,21,2026-10-10T12:00:00Z,UPSERT,b011
b014,VE_9001b2095a8df4,1,VE_7d706a6b6b20ba,IQ_7552d7924c315f,VE_6b9dd3d425b6f6,IQ_20c20d0e8b3a1d,2026-10-11T12:00:00Z,EMAIL,APPROVED,12,2026-10-11T12:00:00Z,UPSERT,b012
b014,VE_908d2db37325e7,1,VE_c2e7fbe2a923c5,IQ_7d957caf585d5f,VE_6b9dd3d425b6f6,IQ_20c20d0e8b3a1d,2026-07-25T12:00:00Z,EMAIL,APPROVED,28,2026-07-25T12:00:00Z,UPSERT,b001
b014,VE_90a34ff1364403,1,VE_a2c3a87dcd2ea9,IQ_e552f1ddf030fb,VE_bd347660c02488,IQ_20c20d0e8b3a1d,2026-08-13T12:00:00Z,EMAIL,APPROVED,27,2026-08-13T12:00:00Z,UPSERT,b001
b014,VE_90af68cc071e5b,1,VE_adc8ea3fefbc67,IQ_26088422e4cdf9,VE_c0f0228a02528b,IQ_942e78f7757950,2026-10-10T12:00:00Z,EMAIL,APPROVED,27,2026-10-10T12:00:00Z,UPSERT,b011
b014,VE_90e2996bc5039e,1,VE_02fcb1978f6c90,IQ_a1f14c57569bd9,VE_bd347660c02488,IQ_54291f6d98eec1,2026-10-12T12:00:00Z,EMAIL,APPROVED,12,2026-10-12T12:00:00Z,UPSERT,b013
b014,VE_9135fd2f206592,1,VE_68cbed40f85d0c,IQ_abdd6f3d6ea2f9,VE_5bdb3c5559b9b2,IQ_54291f6d98eec1,2026-10-09T12:00:00Z,EMAIL,APPROVED,25,2026-10-09T12:00:00Z,UPSERT,b010
b014,VE_91456762635e05,1,VE_19aac240e21c2a,IQ_2f4b5d63410742,VE_c0f0228a02528b,IQ_135d4a97820502,2026-09-21T12:00:00Z,EMAIL,APPROVED,19,2026-09-21T12:00:00Z,UPSERT,b001
b014,VE_9151b6f24e42b8,1,VE_f7b572b359e4e3,IQ_73a7e08f759536,VE_6b9dd3d425b6f6,IQ_20c20d0e8b3a1d,2026-07-18T12:00:00Z,EMAIL,APPROVED,26,2026-07-18T12:00:00Z,UPSERT,b001
b014,VE_923102ea29460a,1,VE_4ae72a089dd8cb,IQ_19497683e93201,VE_bd347660c02488,IQ_20c20d0e8b3a1d,2026-10-04T12:00:00Z,EMAIL,APPROVED,12,2026-10-04T12:00:00Z,UPSERT,b005
b014,VE_9244433751938f,1,VE_c666897cc2aab7,,VE_e5f238788b8d4f,IQ_135d4a97820502,2026-10-04T12:00:00Z,EMAIL,APPROVED,23,2026-10-04T12:00:00Z,UPSERT,b005
b014,VE_9244433751938f,2,VE_c666897cc2aab7,,VE_e5f238788b8d4f,IQ_20c20d0e8b3a1d,2026-10-04T12:00:00Z,EMAIL,APPROVED,23,2026-10-06T04:00:00Z,UPSERT,b006
b014,VE_92c80e8ca4d2df,1,VE_b1422f3824524b,IQ_eeb2a0b0f2ecd8,VE_dfb9c2a7f96b2e,IQ_942e78f7757950,2026-10-01T12:00:00Z,EMAIL,APPROVED,20,2026-10-01T12:00:00Z,UPSERT,b002
b014,VE_938d25ef3b8d4d,1,VE_15d3c0fa902ddf,IQ_0a017a0ac7f565,VE_a7d64d4b06aef3,IQ_54291f6d98eec1,2026-07-21T12:00:00Z,EMAIL,APPROVED,27,2026-07-21T12:00:00Z,UPSERT,b001
b014,VE_939525eba8765a,1,VE_efc5c572b933a0,IQ_bee67dd5b938ba,VE_a7d64d4b06aef3,IQ_54291f6d98eec1,2026-08-17T12:00:00Z,EMAIL,APPROVED,29,2026-08-17T12:00:00Z,UPSERT,b001
b014,VE_93dcd5049f45c1,1,VE_8424de3c920d5a,IQ_9738f9711a47cf,VE_e5f238788b8d4f,IQ_135d4a97820502,2026-09-07T12:00:00Z,EMAIL,APPROVED,22,2026-09-07T12:00:00Z,UPSERT,b001
b014,VE_942ae9040c88df,1,VE_3c1f574e00e61d,IQ_728f393240bb1d,VE_dfb9c2a7f96b2e,IQ_942e78f7757950,2026-10-08T12:00:00Z,EMAIL,APPROVED,22,2026-10-08T12:00:00Z,UPSERT,b009
b014,VE_942effc7f5fd5a,1,VE_019d423b5431cd,IQ_3dfa318285836d,VE_bd347660c02488,IQ_135d4a97820502,2026-10-10T12:00:00Z,EMAIL,APPROVED,12,2026-10-10T12:00:00Z,UPSERT,b011
b014,VE_94952fb4eda654,1,VE_c7ffe93286345e,IQ_f51ff3278100d8,VE_dfb9c2a7f96b2e,IQ_942e78f7757950,2026-07-29T12:00:00Z,EMAIL,APPROVED,13,2026-07-29T12:00:00Z,UPSERT,b001
b014,VE_9497d2af32d8fd,1,VE_a462cf78c4602e,IQ_094a9ccef25ce4,VE_6b9dd3d425b6f6,IQ_20c20d0e8b3a1d,2026-08-24T12:00:00Z,EMAIL,APPROVED,15,2026-08-24T12:00:00Z,UPSERT,b001
b014,VE_953d75e08d364a,1,VE_e1f7a3fa04897e,IQ_a6d0c3c9f640d2,VE_d8ce93e1401020,IQ_20c20d0e8b3a1d,2026-10-13T12:00:00Z,EMAIL,APPROVED,18,2026-10-13T12:00:00Z,UPSERT,b014
b014,VE_9608b9d9ddeb7f,1,VE_3c1f574e00e61d,IQ_728f393240bb1d,VE_5bdb3c5559b9b2,IQ_135d4a97820502,2026-10-13T12:00:00Z,EMAIL,APPROVED,25,2026-10-13T12:00:00Z,UPSERT,b014
b014,VE_96cf2cb31a1c02,1,VE_0642a2000cd8ac,IQ_3adc52fba19d98,VE_e5f238788b8d4f,IQ_54291f6d98eec1,2026-10-06T12:00:00Z,EMAIL,APPROVED,11,2026-10-06T12:00:00Z,UPSERT,b007
b014,VE_96cf2cb31a1c02,2,VE_0642a2000cd8ac,IQ_3adc52fba19d98,VE_e5f238788b8d4f,IQ_942e78f7757950,2026-10-06T12:00:00Z,EMAIL,APPROVED,11,2026-10-08T04:00:00Z,UPSERT,b008
b014,VE_970fb9aa90fca8,1,VE_48d952748ec6b5,IQ_b8a09904e4cc44,VE_e5f238788b8d4f,IQ_54291f6d98eec1,2026-10-13T12:00:00Z,EMAIL,APPROVED,15,2026-10-13T12:00:00Z,UPSERT,b014
b014,VE_9837bc49520882,1,VE_c5029abcf98cbb,IQ_5e1000fc0be969,VE_5bdb3c5559b9b2,IQ_20c20d0e8b3a1d,2026-10-03T12:00:00Z,EMAIL,APPROVED,25,2026-10-03T12:00:00Z,UPSERT,b004
b014,VE_985a0ec2b935e0,1,VE_648e26eb72a912,IQ_7a7aed33c59471,VE_e5f238788b8d4f,IQ_135d4a97820502,2026-08-19T12:00:00Z,EMAIL,APPROVED,11,2026-08-19T12:00:00Z,UPSERT,b001
b014,VE_98bfe90305d57f,1,VE_d2f60a2db02aef,IQ_cebb1fc978b824,VE_e5f238788b8d4f,IQ_54291f6d98eec1,2026-10-02T12:00:00Z,EMAIL,APPROVED,11,2026-10-02T12:00:00Z,UPSERT,b003
b014,VE_98fe0dd3bf3ba6,1,VE_c2e7fbe2a923c5,IQ_7d957caf585d5f,VE_e5f238788b8d4f,IQ_20c20d0e8b3a1d,2026-10-12T12:00:00Z,EMAIL,APPROVED,11,2026-10-12T12:00:00Z,UPSERT,b013
b014,VE_9903fa458ab76e,1,VE_0f62242676d406,IQ_5d364b761e11b5,VE_dfb9c2a7f96b2e,IQ_942e78f7757950,2026-09-04T12:00:00Z,EMAIL,APPROVED,30,2026-09-04T12:00:00Z,UPSERT,b001
b014,VE_996cff4d2cf8ba,1,VE_a462cf78c4602e,IQ_094a9ccef25ce4,VE_e5f238788b8d4f,IQ_135d4a97820502,2026-10-11T12:00:00Z,EMAIL,APPROVED,27,2026-10-11T12:00:00Z,UPSERT,b012
b014,VE_99ad215d2019a4,1,VE_d0c264607dea04,IQ_2f504035abf7db,VE_e5f238788b8d4f,IQ_135d4a97820502,2026-08-06T12:00:00Z,EMAIL,APPROVED,26,2026-08-06T12:00:00Z,UPSERT,b001
b014,VE_9a3dac72ff921a,1,VE_adc8ea3fefbc67,IQ_26088422e4cdf9,VE_bd347660c02488,IQ_942e78f7757950,2026-10-02T12:00:00Z,EMAIL,APPROVED,24,2026-10-02T12:00:00Z,UPSERT,b003
b014,VE_9a91fc04afd295,1,VE_b66c5c0e5ee149,IQ_8020ee5b2ab3b4,VE_6b9dd3d425b6f6,IQ_20c20d0e8b3a1d,2026-09-07T12:00:00Z,EMAIL,APPROVED,23,2026-09-07T12:00:00Z,UPSERT,b001
b014,VE_9aa66c6a35030f,1,VE_e287c0f35813a6,IQ_0deeb3f895714d,VE_c0f0228a02528b,IQ_942e78f7757950,2026-10-10T12:00:00Z,EMAIL,APPROVED,19,2026-10-10T12:00:00Z,UPSERT,b011
b014,VE_9b2009896ebfb8,1,VE_f37614d88a5207,IQ_2220dc90360c82,VE_6b9dd3d425b6f6,IQ_20c20d0e8b3a1d,2026-07-26T12:00:00Z,EMAIL,APPROVED,15,2026-07-26T12:00:00Z,UPSERT,b001
b014,VE_9b2426171b4101,1,VE_00200d85af3a5e,IQ_141a77be55dbba,VE_c0f0228a02528b,IQ_135d4a97820502,2026-07-26T12:00:00Z,EMAIL,APPROVED,12,2026-07-26T12:00:00Z,UPSERT,b001
b014,VE_9b53e307f77281,1,VE_b66c5c0e5ee149,IQ_8020ee5b2ab3b4,VE_6b9dd3d425b6f6,IQ_20c20d0e8b3a1d,2026-08-18T12:00:00Z,EMAIL,APPROVED,12,2026-08-18T12:00:00Z,UPSERT,b001
b014,VE_9c4bbe35798548,1,VE_f37614d88a5207,IQ_2220dc90360c82,VE_e5f238788b8d4f,IQ_20c20d0e8b3a1d,2026-10-12T12:00:00Z,EMAIL,APPROVED,19,2026-10-12T12:00:00Z,UPSERT,b013
b014,VE_9c8beb35885ee1,1,VE_0de10f49034d81,IQ_36ada5c15a6636,VE_d8ce93e1401020,IQ_54291f6d98eec1,2026-10-10T12:00:00Z,EMAIL,APPROVED,10,2026-10-10T12:00:00Z,UPSERT,b011
b014,VE_9c8beb35885ee1,2,VE_0de10f49034d81,IQ_36ada5c15a6636,VE_d8ce93e1401020,IQ_942e78f7757950,2026-10-10T12:00:00Z,EMAIL,APPROVED,10,2026-10-12T04:00:00Z,UPSERT,b012
b014,VE_9c90933b48dfe3,1,VE_f7b572b359e4e3,IQ_73a7e08f759536,VE_6b9dd3d425b6f6,IQ_54291f6d98eec1,2026-10-05T12:00:00Z,EMAIL,APPROVED,28,2026-10-05T12:00:00Z,UPSERT,b006
b014,VE_9dff0c14b87d2d,1,VE_648e26eb72a912,IQ_7a7aed33c59471,VE_c0f0228a02528b,IQ_135d4a97820502,2026-08-28T12:00:00Z,EMAIL,APPROVED,16,2026-08-28T12:00:00Z,UPSERT,b001
b014,VE_9e189037a00c10,1,VE_816a43cfa4bbba,IQ_786571a47515e2,VE_dfb9c2a7f96b2e,IQ_942e78f7757950,2026-09-15T12:00:00Z,EMAIL,APPROVED,23,2026-09-15T12:00:00Z,UPSERT,b001
b014,VE_9fe9bc9d553df3,1,VE_52b1894abf11ea,IQ_9fb9d375951c9f,VE_6b9dd3d425b6f6,IQ_54291f6d98eec1,2026-10-05T12:00:00Z,EMAIL,APPROVED,20,2026-10-05T12:00:00Z,UPSERT,b006
b014,VE_a077bc0da413f0,1,VE_3f04d25ee860f8,IQ_dc42615e10696d,VE_5bdb3c5559b9b2,IQ_942e78f7757950,2026-10-05T12:00:00Z,EMAIL,APPROVED,29,2026-10-05T12:00:00Z,UPSERT,b006
b014,VE_a08200b6e15ac5,1,VE_71c6f2cbc212be,IQ_416297cb8e2ce2,VE_d8ce93e1401020,IQ_942e78f7757950,2026-08-11T12:00:00Z,EMAIL,DRAFT,27,2026-08-11T12:00:00Z,UPSERT,b001
b014,VE_a0acc0c1226a4c,1,VE_816a43cfa4bbba,IQ_786571a47515e2,VE_dfb9c2a7f96b2e,IQ_20c20d0e8b3a1d,2026-10-06T12:00:00Z,EMAIL,APPROVED,26,2026-10-06T12:00:00Z,UPSERT,b007
b014,VE_a137de40d04863,1,VE_81bb42b4d03067,IQ_91142399c21c7e,VE_c0f0228a02528b,IQ_135d4a97820502,2026-08-21T12:00:00Z,EMAIL,APPROVED,13,2026-08-21T12:00:00Z,UPSERT,b001
b014,VE_a1f86e3371ec70,1,VE_100f0e81f859d7,IQ_d18d2fb59cfe6e,VE_dfb9c2a7f96b2e,IQ_135d4a97820502,2026-10-05T12:00:00Z,EMAIL,APPROVED,10,2026-10-05T12:00:00Z,UPSERT,b006
b014,VE_a22f59d418ded1,1,VE_983800ac45775c,IQ_f07eaf14e693a5,VE_6b9dd3d425b6f6,IQ_942e78f7757950,2026-10-13T12:00:00Z,EMAIL,APPROVED,12,2026-10-13T12:00:00Z,UPSERT,b014
b014,VE_a253d16e23843e,1,VE_983800ac45775c,IQ_f07eaf14e693a5,VE_5bdb3c5559b9b2,IQ_54291f6d98eec1,2026-09-10T12:00:00Z,EMAIL,APPROVED,23,2026-09-10T12:00:00Z,UPSERT,b001
b014,VE_a28c0280430218,1,VE_5242a39c00d8d1,IQ_18003b85127893,VE_bd347660c02488,IQ_20c20d0e8b3a1d,2026-09-15T12:00:00Z,EMAIL,APPROVED,17,2026-09-15T12:00:00Z,UPSERT,b001
b014,VE_a33c6859b51658,1,VE_4fa2295cdf1979,IQ_a0a629b3034557,VE_5bdb3c5559b9b2,IQ_54291f6d98eec1,2026-07-25T12:00:00Z,EMAIL,APPROVED,29,2026-07-25T12:00:00Z,UPSERT,b001
b014,VE_a347b8135401fd,1,VE_0642a2000cd8ac,IQ_3adc52fba19d98,VE_e5f238788b8d4f,IQ_135d4a97820502,2026-08-10T12:00:00Z,EMAIL,APPROVED,29,2026-08-10T12:00:00Z,UPSERT,b001
b014,VE_a3c8f02276e595,1,VE_e1f7a3fa04897e,IQ_a6d0c3c9f640d2,VE_c0f0228a02528b,IQ_135d4a97820502,2026-09-15T12:00:00Z,EMAIL,APPROVED,18,2026-09-15T12:00:00Z,UPSERT,b001
b014,VE_a3f6e9d321857b,1,VE_48d952748ec6b5,IQ_b8a09904e4cc44,VE_bd347660c02488,IQ_20c20d0e8b3a1d,2026-09-11T12:00:00Z,EMAIL,APPROVED,26,2026-09-11T12:00:00Z,UPSERT,b001
b014,VE_a42408ecf32424,1,VE_b66c5c0e5ee149,IQ_8020ee5b2ab3b4,VE_e5f238788b8d4f,IQ_135d4a97820502,2026-10-11T12:00:00Z,EMAIL,APPROVED,15,2026-10-11T12:00:00Z,UPSERT,b012
b014,VE_a4271e321ad6b6,1,VE_71533239b71955,IQ_68ae4cb00ee2a3,VE_dfb9c2a7f96b2e,IQ_942e78f7757950,2026-08-29T12:00:00Z,EMAIL,APPROVED,10,2026-08-29T12:00:00Z,UPSERT,b001
b014,VE_a560face4f0e91,1,VE_ff1e01ba239fb4,IQ_12cb9c4a95124c,VE_e5f238788b8d4f,IQ_135d4a97820502,2026-10-11T12:00:00Z,EMAIL,APPROVED,19,2026-10-11T12:00:00Z,UPSERT,b012
b014,VE_a5e92d5315a189,1,VE_c7ffe93286345e,IQ_f51ff3278100d8,VE_dfb9c2a7f96b2e,IQ_942e78f7757950,2026-09-10T12:00:00Z,EMAIL,APPROVED,24,2026-09-10T12:00:00Z,UPSERT,b001
b014,VE_a622e05a67b1d2,1,VE_3f04d25ee860f8,IQ_dc42615e10696d,VE_a7d64d4b06aef3,IQ_54291f6d98eec1,2026-07-20T12:00:00Z,EMAIL,APPROVED,22,2026-07-20T12:00:00Z,UPSERT,b001
b014,VE_a6442e3b448b4f,1,VE_e1f7a3fa04897e,IQ_a6d0c3c9f640d2,VE_e5f238788b8d4f,IQ_20c20d0e8b3a1d,2026-10-05T12:00:00Z,EMAIL,APPROVED,15,2026-10-05T12:00:00Z,UPSERT,b006
b014,VE_a6cc169487b75b,1,VE_265f423ad0ae7e,IQ_3a78b487cced5b,VE_6b9dd3d425b6f6,IQ_20c20d0e8b3a1d,2026-10-08T12:00:00Z,EMAIL,APPROVED,20,2026-10-08T12:00:00Z,UPSERT,b009
b014,VE_a704582411a54e,1,VE_5f0143593aa9a7,IQ_04fbe99519f267,VE_c0f0228a02528b,IQ_135d4a97820502,2026-10-11T12:00:00Z,EMAIL,APPROVED,11,2026-10-11T12:00:00Z,UPSERT,b012
b014,VE_a7457ef6a8e7be,1,VE_e1f7a3fa04897e,IQ_a6d0c3c9f640d2,VE_e5f238788b8d4f,IQ_135d4a97820502,2026-09-14T12:00:00Z,EMAIL,APPROVED,13,2026-09-14T12:00:00Z,UPSERT,b001
b014,VE_a795104c22b404,1,VE_0f62242676d406,IQ_5d364b761e11b5,VE_d8ce93e1401020,IQ_54291f6d98eec1,2026-10-07T12:00:00Z,EMAIL,APPROVED,18,2026-10-07T12:00:00Z,UPSERT,b008
b014,VE_a7a634cf742e75,1,VE_019d423b5431cd,IQ_3dfa318285836d,VE_5bdb3c5559b9b2,IQ_54291f6d98eec1,2026-09-11T12:00:00Z,EMAIL,APPROVED,10,2026-09-11T12:00:00Z,UPSERT,b001
b014,VE_a7c95e4c9d287e,1,VE_9f26ead04e3578,IQ_2d137fa0b8b6ac,VE_d8ce93e1401020,IQ_942e78f7757950,2026-08-17T12:00:00Z,EMAIL,APPROVED,14,2026-08-17T12:00:00Z,UPSERT,b001
b014,VE_a8252b8ce119a6,1,VE_c9e6b9f6791e33,IQ_421f576734aa70,VE_d8ce93e1401020,IQ_942e78f7757950,2026-09-24T12:00:00Z,EMAIL,APPROVED,24,2026-09-24T12:00:00Z,UPSERT,b001
b014,VE_a850f4e80818df,1,VE_f37614d88a5207,IQ_2220dc90360c82,VE_bd347660c02488,IQ_20c20d0e8b3a1d,2026-08-27T12:00:00Z,EMAIL,APPROVED,10,2026-08-27T12:00:00Z,UPSERT,b001
b014,VE_aacca5eaa0aa35,1,VE_c666897cc2aab7,,VE_c0f0228a02528b,IQ_135d4a97820502,2026-09-04T12:00:00Z,EMAIL,APPROVED,18,2026-09-04T12:00:00Z,UPSERT,b001
b014,VE_aae09e56e9cac5,1,VE_ff74cf7f1992a8,IQ_978447cff2fdd5,VE_dfb9c2a7f96b2e,IQ_54291f6d98eec1,2026-10-10T12:00:00Z,EMAIL,APPROVED,10,2026-10-10T12:00:00Z,UPSERT,b011
b014,VE_aaef114e84ffe2,1,VE_a458a83ce0f04b,IQ_d2fdc3f4fb6963,VE_dfb9c2a7f96b2e,IQ_942e78f7757950,2026-10-09T12:00:00Z,EMAIL,APPROVED,18,2026-10-09T12:00:00Z,UPSERT,b010
b014,VE_ab209422e618fd,1,VE_fa7b71df3f49fe,IQ_f4cb6e0d00a708,VE_6b9dd3d425b6f6,IQ_20c20d0e8b3a1d,2026-07-19T12:00:00Z,EMAIL,APPROVED,19,2026-07-19T12:00:00Z,UPSERT,b001
b014,VE_ab80f970fdd562,1,VE_d2f50255fa2ba4,IQ_509a5e82c33b0a,VE_dfb9c2a7f96b2e,IQ_54291f6d98eec1,2026-10-03T12:00:00Z,EMAIL,APPROVED,22,2026-10-03T12:00:00Z,UPSERT,b004
b014,VE_abbd18ce761089,1,VE_9f26ead04e3578,IQ_2d137fa0b8b6ac,VE_d8ce93e1401020,IQ_942e78f7757950,2026-10-08T12:00:00Z,EMAIL,APPROVED,10,2026-10-08T12:00:00Z,UPSERT,b009
b014,VE_ac3997b5950fb4,1,VE_15d3c0fa902ddf,IQ_0a017a0ac7f565,VE_6b9dd3d425b6f6,IQ_135d4a97820502,2026-10-10T12:00:00Z,EMAIL,APPROVED,28,2026-10-10T12:00:00Z,UPSERT,b011
b014,VE_ac7e1cbf74ac1a,1,VE_19aac240e21c2a,IQ_2f4b5d63410742,VE_c0f0228a02528b,IQ_135d4a97820502,2026-08-19T12:00:00Z,EMAIL,APPROVED,30,2026-08-19T12:00:00Z,UPSERT,b001
b014,VE_acc401215e6ecc,1,VE_983800ac45775c,IQ_f07eaf14e693a5,VE_dfb9c2a7f96b2e,IQ_942e78f7757950,2026-10-09T12:00:00Z,EMAIL,APPROVED,10,2026-10-09T12:00:00Z,UPSERT,b010
b014,VE_ad332844b9384b,1,VE_461597a2f31e56,IQ_92030316fdcdfe,VE_dfb9c2a7f96b2e,IQ_942e78f7757950,2026-10-04T12:00:00Z,EMAIL,APPROVED,26,2026-10-04T12:00:00Z,UPSERT,b005
b014,VE_ad406b5deece66,1,VE_c22fd8263ec79a,IQ_9cfab99c88ecfa,VE_5bdb3c5559b9b2,IQ_54291f6d98eec1,2026-08-20T12:00:00Z,EMAIL,APPROVED,28,2026-08-20T12:00:00Z,UPSERT,b001
b014,VE_adaa01c4fa93ca,1,VE_18dc7b377bf025,IQ_90eb0591b897d4,VE_e5f238788b8d4f,IQ_135d4a97820502,2026-09-01T12:00:00Z,EMAIL,APPROVED,22,2026-09-01T12:00:00Z,UPSERT,b001
b014,VE_ae24de7069360c,1,VE_7d706a6b6b20ba,IQ_7552d7924c315f,VE_5bdb3c5559b9b2,IQ_54291f6d98eec1,2026-08-20T12:00:00Z,EMAIL,APPROVED,25,2026-08-20T12:00:00Z,UPSERT,b001
b014,VE_aeb423a47b34f0,1,VE_10178ff56ce0e0,IQ_548359ef6f100c,VE_6b9dd3d425b6f6,IQ_20c20d0e8b3a1d,2026-09-12T12:00:00Z,EMAIL,APPROVED,11,2026-09-12T12:00:00Z,UPSERT,b001
b014,VE_aec39cd9685e53,1,VE_ff1e01ba239fb4,IQ_12cb9c4a95124c,VE_6b9dd3d425b6f6,IQ_20c20d0e8b3a1d,2026-08-06T12:00:00Z,EMAIL,APPROVED,28,2026-08-06T12:00:00Z,UPSERT,b001
b014,VE_aed19b5c7ba91b,1,VE_e287c0f35813a6,IQ_0deeb3f895714d,VE_6b9dd3d425b6f6,IQ_20c20d0e8b3a1d,2026-08-11T12:00:00Z,EMAIL,APPROVED,13,2026-08-11T12:00:00Z,UPSERT,b001
b014,VE_afd1d17bd5887b,1,VE_42b7e02b086268,IQ_4ecb0bfc8dd1b1,VE_d8ce93e1401020,IQ_942e78f7757950,2026-08-09T12:00:00Z,EMAIL,APPROVED,30,2026-08-09T12:00:00Z,UPSERT,b001
b014,VE_b0cf279cfe2cc8,1,VE_c3d97a4cba0334,IQ_4d5f03fbf84998,VE_e5f238788b8d4f,IQ_135d4a97820502,2026-07-24T12:00:00Z,EMAIL,APPROVED,26,2026-07-24T12:00:00Z,UPSERT,b001
b014,VE_b1128d8c920eb9,1,VE_0f62242676d406,IQ_5d364b761e11b5,VE_a7d64d4b06aef3,IQ_54291f6d98eec1,2026-10-11T12:00:00Z,EMAIL,APPROVED,21,2026-10-11T12:00:00Z,UPSERT,b012
b014,VE_b207125b6da1c7,1,VE_220839ebc4b310,IQ_6b3bf7706ff616,VE_6b9dd3d425b6f6,IQ_20c20d0e8b3a1d,2026-07-28T12:00:00Z,EMAIL,APPROVED,30,2026-07-28T12:00:00Z,UPSERT,b001
b014,VE_b2643f45a200a4,1,VE_461597a2f31e56,IQ_92030316fdcdfe,VE_d8ce93e1401020,IQ_942e78f7757950,2026-08-23T12:00:00Z,EMAIL,APPROVED,30,2026-08-23T12:00:00Z,UPSERT,b001
b014,VE_b2693df54d2356,1,VE_71533239b71955,IQ_68ae4cb00ee2a3,VE_d8ce93e1401020,IQ_942e78f7757950,2026-08-10T12:00:00Z,EMAIL,APPROVED,15,2026-08-10T12:00:00Z,UPSERT,b001
b014,VE_b2c9a18bbc7b57,1,VE_c7ffe93286345e,IQ_f51ff3278100d8,VE_e5f238788b8d4f,IQ_135d4a97820502,2026-10-09T12:00:00Z,EMAIL,APPROVED,11,2026-10-09T12:00:00Z,UPSERT,b010
b014,VE_b2cad8727f5e04,1,VE_65d53058353f53,IQ_5f616459dc55d5,VE_d8ce93e1401020,IQ_942e78f7757950,2026-08-21T12:00:00Z,EMAIL,APPROVED,20,2026-08-21T12:00:00Z,UPSERT,b001
b014,VE_b330c7e29aa6a4,1,VE_a458a83ce0f04b,IQ_d2fdc3f4fb6963,VE_a7d64d4b06aef3,IQ_54291f6d98eec1,2026-08-17T12:00:00Z,EMAIL,APPROVED,15,2026-08-17T12:00:00Z,UPSERT,b001
b014,VE_b3e22e05d48562,1,VE_c4ed0f0cc1df2c,IQ_8ee2ef868089f8,VE_6b9dd3d425b6f6,IQ_20c20d0e8b3a1d,2026-10-04T12:00:00Z,EMAIL,APPROVED,24,2026-10-04T12:00:00Z,UPSERT,b005
b014,VE_b3f026ed704bbd,1,VE_e1f7a3fa04897e,IQ_a6d0c3c9f640d2,VE_6b9dd3d425b6f6,IQ_20c20d0e8b3a1d,2026-10-09T12:00:00Z,EMAIL,APPROVED,16,2026-10-09T12:00:00Z,UPSERT,b010
b014,VE_b42068ccb708ce,1,VE_265f423ad0ae7e,IQ_3a78b487cced5b,VE_c0f0228a02528b,IQ_54291f6d98eec1,2026-10-13T12:00:00Z,EMAIL,APPROVED,23,2026-10-13T12:00:00Z,UPSERT,b014
b014,VE_b51e477efa9c4b,1,VE_fd4df5f794dcc5,IQ_b129f52b9e347e,VE_dfb9c2a7f96b2e,IQ_20c20d0e8b3a1d,2026-10-13T12:00:00Z,EMAIL,APPROVED,14,2026-10-13T12:00:00Z,UPSERT,b014
b014,VE_b5c6e9f3a8a4ae,1,VE_52b1894abf11ea,IQ_9fb9d375951c9f,VE_bd347660c02488,IQ_20c20d0e8b3a1d,2026-07-27T12:00:00Z,EMAIL,APPROVED,23,2026-07-27T12:00:00Z,UPSERT,b001
b014,VE_b5fe9976978931,1,VE_4fa2295cdf1979,IQ_a0a629b3034557,VE_a7d64d4b06aef3,IQ_20c20d0e8b3a1d,2026-10-07T12:00:00Z,EMAIL,APPROVED,17,2026-10-07T12:00:00Z,UPSERT,b008
b014,VE_b795cb43bd245f,1,VE_13b9277a8de654,IQ_0dd2b8fa221f25,VE_c0f0228a02528b,IQ_135d4a97820502,2026-09-30T12:00:00Z,EMAIL,APPROVED,22,2026-09-30T12:00:00Z,UPSERT,b001
b014,VE_b7abdb5cf3a4a3,1,VE_5f0143593aa9a7,IQ_04fbe99519f267,VE_6b9dd3d425b6f6,IQ_20c20d0e8b3a1d,2026-08-14T12:00:00Z,EMAIL,APPROVED,24,2026-08-14T12:00:00Z,UPSERT,b001
b014,VE_b88650efb9b608,1,VE_4fa2295cdf1979,IQ_a0a629b3034557,VE_5bdb3c5559b9b2,IQ_135d4a97820502,2026-10-02T12:00:00Z,EMAIL,APPROVED,17,2026-10-02T12:00:00Z,UPSERT,b003
b014,VE_b9d9599452f674,1,VE_c741402a6c12a6,IQ_4848d214fab929,VE_d8ce93e1401020,IQ_942e78f7757950,2026-09-05T12:00:00Z,EMAIL,APPROVED,19,2026-09-05T12:00:00Z,UPSERT,b001
b014,VE_ba114150ad0b36,1,VE_983800ac45775c,IQ_f07eaf14e693a5,VE_a7d64d4b06aef3,IQ_942e78f7757950,2026-10-05T12:00:00Z,EMAIL,APPROVED,29,2026-10-05T12:00:00Z,UPSERT,b006
b014,VE_ba8e10588bf6aa,1,VE_a458a83ce0f04b,IQ_d2fdc3f4fb6963,VE_5bdb3c5559b9b2,IQ_54291f6d98eec1,2026-07-25T12:00:00Z,EMAIL,APPROVED,20,2026-07-25T12:00:00Z,UPSERT,b001
b014,VE_bacad12efc9111,1,VE_81bb42b4d03067,IQ_91142399c21c7e,VE_c0f0228a02528b,IQ_135d4a97820502,2026-09-28T12:00:00Z,EMAIL,APPROVED,23,2026-09-28T12:00:00Z,UPSERT,b001
b014,VE_bb1ff332b7848d,1,VE_2a83df57539c57,,VE_a7d64d4b06aef3,IQ_54291f6d98eec1,2026-08-26T12:00:00Z,EMAIL,APPROVED,25,2026-08-26T12:00:00Z,UPSERT,b001
b014,VE_bce726e264beb6,1,VE_ef15b7e7974b5e,IQ_c0d0da0755d27e,VE_c0f0228a02528b,IQ_135d4a97820502,2026-09-25T12:00:00Z,EMAIL,APPROVED,17,2026-09-25T12:00:00Z,UPSERT,b002
b014,VE_bdfa37a8468c07,1,VE_762f6137cedac0,IQ_e35dbf91fb46f8,VE_e5f238788b8d4f,IQ_135d4a97820502,2026-09-02T12:00:00Z,EMAIL,APPROVED,27,2026-09-02T12:00:00Z,UPSERT,b001
b014,VE_beacc266722c16,1,VE_3c1f574e00e61d,IQ_728f393240bb1d,VE_dfb9c2a7f96b2e,IQ_942e78f7757950,2026-08-27T12:00:00Z,EMAIL,APPROVED,16,2026-08-27T12:00:00Z,UPSERT,b001
b014,VE_bfbe85b905dd99,1,VE_2b4a021b059e8d,IQ_769ac94cb87c37,VE_6b9dd3d425b6f6,IQ_135d4a97820502,2026-10-03T12:00:00Z,EMAIL,APPROVED,20,2026-10-03T12:00:00Z,UPSERT,b004
b014,VE_c0fbc1f5b18762,1,VE_33050ef927a762,IQ_f412bc7dfa9020,VE_bd347660c02488,IQ_135d4a97820502,2026-10-10T12:00:00Z,EMAIL,APPROVED,16,2026-10-10T12:00:00Z,UPSERT,b011
b014,VE_c1d64f461a4500,1,VE_00200d85af3a5e,IQ_141a77be55dbba,VE_e5f238788b8d4f,IQ_135d4a97820502,2026-09-04T12:00:00Z,EMAIL,APPROVED,28,2026-09-04T12:00:00Z,UPSERT,b001
b014,VE_c31f9105fa995f,1,VE_ec5e23b049025d,IQ_39a96fcf75a9a5,VE_a7d64d4b06aef3,IQ_135d4a97820502,2026-10-13T12:00:00Z,EMAIL,APPROVED,17,2026-10-13T12:00:00Z,UPSERT,b014
b014,VE_c451d23fbc3b5a,1,VE_0642a2000cd8ac,IQ_3adc52fba19d98,VE_c0f0228a02528b,IQ_135d4a97820502,2026-08-06T12:00:00Z,EMAIL,APPROVED,24,2026-08-06T12:00:00Z,UPSERT,b001
b014,VE_c4bbe607510679,1,VE_e69f3c0c6bfa74,IQ_7aac0aa23092b3,VE_dfb9c2a7f96b2e,IQ_54291f6d98eec1,2026-10-03T12:00:00Z,EMAIL,APPROVED,26,2026-10-03T12:00:00Z,UPSERT,b004
b014,VE_c5e67c5c6e1460,1,VE_a2c3a87dcd2ea9,IQ_e552f1ddf030fb,VE_6b9dd3d425b6f6,IQ_20c20d0e8b3a1d,2026-08-27T12:00:00Z,EMAIL,APPROVED,22,2026-08-27T12:00:00Z,UPSERT,b001
b014,VE_c6919632279ccb,1,VE_c9e6b9f6791e33,IQ_421f576734aa70,VE_dfb9c2a7f96b2e,IQ_942e78f7757950,2026-08-07T12:00:00Z,EMAIL,APPROVED,19,2026-08-07T12:00:00Z,UPSERT,b001
b014,VE_c849527b7f94a8,1,VE_c741402a6c12a6,IQ_4848d214fab929,VE_a7d64d4b06aef3,IQ_20c20d0e8b3a1d,2026-10-10T12:00:00Z,EMAIL,APPROVED,25,2026-10-10T12:00:00Z,UPSERT,b011
b014,VE_c92cfac657f3f1,1,VE_e69f3c0c6bfa74,IQ_7aac0aa23092b3,VE_a7d64d4b06aef3,IQ_54291f6d98eec1,2026-10-11T12:00:00Z,EMAIL,APPROVED,29,2026-10-11T12:00:00Z,UPSERT,b012
b014,VE_c9437999622868,1,VE_fa7b71df3f49fe,IQ_f4cb6e0d00a708,VE_6b9dd3d425b6f6,IQ_20c20d0e8b3a1d,2026-10-08T12:00:00Z,EMAIL,APPROVED,24,2026-10-08T12:00:00Z,UPSERT,b009
b014,VE_c9b876a71d5f26,1,VE_55b3a4a96dcd4b,IQ_2bf809008f4101,VE_e5f238788b8d4f,IQ_942e78f7757950,2026-10-03T12:00:00Z,EMAIL,APPROVED,27,2026-10-03T12:00:00Z,UPSERT,b004
b014,VE_ca420225bcb72f,1,VE_c4ed0f0cc1df2c,IQ_8ee2ef868089f8,VE_a7d64d4b06aef3,IQ_54291f6d98eec1,2026-10-09T12:00:00Z,EMAIL,APPROVED,25,2026-10-09T12:00:00Z,UPSERT,b010
b014,VE_ca79ae63f89ad9,1,VE_f37614d88a5207,IQ_2220dc90360c82,VE_6b9dd3d425b6f6,IQ_20c20d0e8b3a1d,2026-10-04T12:00:00Z,EMAIL,APPROVED,16,2026-10-04T12:00:00Z,UPSERT,b005
b014,VE_cada00495992bb,1,VE_ecb874ff3e1b04,IQ_d7ec2fb9c64928,VE_dfb9c2a7f96b2e,IQ_135d4a97820502,2026-10-05T12:00:00Z,EMAIL,APPROVED,22,2026-10-05T12:00:00Z,UPSERT,b006
b014,VE_cb3d006346befc,1,VE_c4ed0f0cc1df2c,IQ_8ee2ef868089f8,VE_e5f238788b8d4f,IQ_54291f6d98eec1,2026-10-13T12:00:00Z,EMAIL,APPROVED,27,2026-10-13T12:00:00Z,UPSERT,b014
b014,VE_cb7a3ca007dc93,1,VE_d1df39975dc133,IQ_1ad8fd972ecd6a,VE_bd347660c02488,IQ_135d4a97820502,2026-10-10T12:00:00Z,EMAIL,APPROVED,24,2026-10-10T12:00:00Z,UPSERT,b011
b014,VE_cbe49a4b6dab06,1,VE_4ae72a089dd8cb,IQ_19497683e93201,VE_bd347660c02488,IQ_20c20d0e8b3a1d,2026-08-31T12:00:00Z,EMAIL,APPROVED,11,2026-08-31T12:00:00Z,UPSERT,b001
b014,VE_cbebdbdf74cdac,1,VE_7d706a6b6b20ba,IQ_7552d7924c315f,VE_a7d64d4b06aef3,IQ_54291f6d98eec1,2026-08-21T12:00:00Z,EMAIL,APPROVED,30,2026-08-21T12:00:00Z,UPSERT,b001
b014,VE_cc12d417c7d379,1,VE_4ae72a089dd8cb,IQ_19497683e93201,VE_6b9dd3d425b6f6,IQ_20c20d0e8b3a1d,2026-10-08T12:00:00Z,EMAIL,APPROVED,12,2026-10-08T12:00:00Z,UPSERT,b009
b014,VE_cc2f3d4830277e,1,VE_d2f50255fa2ba4,IQ_509a5e82c33b0a,VE_dfb9c2a7f96b2e,IQ_942e78f7757950,2026-08-02T12:00:00Z,EMAIL,APPROVED,22,2026-08-02T12:00:00Z,UPSERT,b001
b014,VE_cca52ee60277b5,1,VE_75c6827cd263b2,IQ_9360e3fed994a8,VE_c0f0228a02528b,IQ_135d4a97820502,2026-08-29T12:00:00Z,EMAIL,APPROVED,26,2026-08-29T12:00:00Z,UPSERT,b001
b014,VE_cd07aaf7d25fa5,1,VE_6884d78be1e27f,IQ_d70ceade00121a,VE_e5f238788b8d4f,IQ_54291f6d98eec1,2026-10-02T12:00:00Z,EMAIL,APPROVED,23,2026-10-02T12:00:00Z,UPSERT,b003
b014,VE_ce2e1ea01b3ad2,1,VE_5224307aa49566,,VE_d8ce93e1401020,IQ_942e78f7757950,2026-07-23T12:00:00Z,EMAIL,APPROVED,26,2026-07-23T12:00:00Z,UPSERT,b001
b014,VE_ce3688462c16b9,1,VE_36e6cf63d8128b,IQ_b6c2a3cd950815,VE_d8ce93e1401020,IQ_54291f6d98eec1,2026-10-03T12:00:00Z,EMAIL,APPROVED,10,2026-10-03T12:00:00Z,UPSERT,b004
b014,VE_cec5a70ed73a18,1,VE_ef15b7e7974b5e,IQ_c0d0da0755d27e,VE_c0f0228a02528b,IQ_135d4a97820502,2026-10-08T12:00:00Z,EMAIL,APPROVED,11,2026-10-08T12:00:00Z,UPSERT,b009
b014,VE_cf21e89516e878,1,VE_5b53424a8fb530,IQ_3716885bdeac28,VE_5bdb3c5559b9b2,IQ_54291f6d98eec1,2026-09-27T12:00:00Z,EMAIL,APPROVED,13,2026-09-27T12:00:00Z,UPSERT,b001
b014,VE_d0474b181b0355,1,VE_55aba8abe027dc,IQ_63e125117381f1,VE_d8ce93e1401020,IQ_942e78f7757950,2026-08-25T12:00:00Z,EMAIL,APPROVED,16,2026-08-25T12:00:00Z,UPSERT,b001
b014,VE_d0fbb19bbfe612,1,VE_ef15b7e7974b5e,IQ_c0d0da0755d27e,VE_c0f0228a02528b,IQ_135d4a97820502,2026-08-18T00:00:00Z,EMAIL,APPROVED,15,2026-08-18T00:00:00Z,UPSERT,b001
b014,VE_d1092f1a24cc46,1,VE_816a43cfa4bbba,IQ_786571a47515e2,VE_d8ce93e1401020,IQ_942e78f7757950,2026-08-28T12:00:00Z,EMAIL,APPROVED,18,2026-08-28T12:00:00Z,UPSERT,b001
b014,VE_d14206ff92d59d,1,VE_ac8319da259995,IQ_43970e05028a71,VE_a7d64d4b06aef3,IQ_54291f6d98eec1,2026-09-18T12:00:00Z,EMAIL,APPROVED,24,2026-09-18T12:00:00Z,UPSERT,b001
b014,VE_d1877ca0086f7c,1,VE_c3d97a4cba0334,IQ_4d5f03fbf84998,VE_d8ce93e1401020,IQ_135d4a97820502,2026-10-12T12:00:00Z,EMAIL,APPROVED,18,2026-10-12T12:00:00Z,UPSERT,b013
b014,VE_d1877ca0086f7c,2,VE_c3d97a4cba0334,IQ_4d5f03fbf84998,VE_d8ce93e1401020,IQ_20c20d0e8b3a1d,2026-10-12T12:00:00Z,EMAIL,APPROVED,18,2026-10-14T04:00:00Z,UPSERT,b014
b014,VE_d1a044095591d5,1,VE_a3b69a88749cb3,IQ_bbf16dea36ebe6,VE_a7d64d4b06aef3,IQ_54291f6d98eec1,2026-09-12T12:00:00Z,EMAIL,APPROVED,25,2026-09-12T12:00:00Z,UPSERT,b001
b014,VE_d1dbb41eb70049,1,VE_100f0e81f859d7,IQ_d18d2fb59cfe6e,VE_d8ce93e1401020,IQ_942e78f7757950,2026-09-19T12:00:00Z,EMAIL,APPROVED,23,2026-09-19T12:00:00Z,UPSERT,b001
b014,VE_d235ff52251133,1,VE_3c1f574e00e61d,IQ_728f393240bb1d,VE_d8ce93e1401020,IQ_942e78f7757950,2026-08-19T12:00:00Z,EMAIL,APPROVED,21,2026-08-19T12:00:00Z,UPSERT,b001
b014,VE_d297757a3471cd,1,VE_0f62242676d406,IQ_5d364b761e11b5,VE_dfb9c2a7f96b2e,IQ_942e78f7757950,2026-08-25T12:00:00Z,EMAIL,APPROVED,19,2026-08-25T12:00:00Z,UPSERT,b001
b014,VE_d2b7d475155bfd,1,VE_71c6f2cbc212be,IQ_416297cb8e2ce2,VE_dfb9c2a7f96b2e,IQ_20c20d0e8b3a1d,2026-10-02T12:00:00Z,EMAIL,APPROVED,10,2026-10-02T12:00:00Z,UPSERT,b003
b014,VE_d31ae077dd3ae2,1,VE_b30bbcd0283192,IQ_69fdea3e549ac6,VE_c0f0228a02528b,IQ_135d4a97820502,2026-10-11T12:00:00Z,EMAIL,APPROVED,15,2026-10-11T12:00:00Z,UPSERT,b012
b014,VE_d3d6b1443b10a7,1,VE_d1df39975dc133,IQ_1ad8fd972ecd6a,VE_5bdb3c5559b9b2,IQ_54291f6d98eec1,2026-09-05T12:00:00Z,EMAIL,APPROVED,13,2026-09-05T12:00:00Z,UPSERT,b001
b014,VE_d44310ea4362ee,1,VE_4fa2295cdf1979,IQ_a0a629b3034557,VE_bd347660c02488,IQ_20c20d0e8b3a1d,2026-10-11T12:00:00Z,EMAIL,APPROVED,20,2026-10-11T12:00:00Z,UPSERT,b012
b014,VE_d4915fa57acd6c,1,VE_efc5c572b933a0,IQ_bee67dd5b938ba,VE_bd347660c02488,IQ_942e78f7757950,2026-10-13T12:00:00Z,EMAIL,APPROVED,28,2026-10-13T12:00:00Z,UPSERT,b014
b014,VE_d57277ec4a3ac1,1,VE_88d7ba522fc46c,IQ_7456b6114ee921,VE_bd347660c02488,IQ_20c20d0e8b3a1d,2026-09-01T12:00:00Z,EMAIL,APPROVED,21,2026-09-01T12:00:00Z,UPSERT,b001
b014,VE_d58a711f91c403,1,VE_c666897cc2aab7,,VE_e5f238788b8d4f,IQ_135d4a97820502,2026-09-24T12:00:00Z,EMAIL,APPROVED,23,2026-09-24T12:00:00Z,UPSERT,b001
b014,VE_d6f3f1eda54745,1,VE_88d7ba522fc46c,IQ_7456b6114ee921,VE_bd347660c02488,IQ_20c20d0e8b3a1d,2026-08-10T12:00:00Z,EMAIL,APPROVED,11,2026-08-10T12:00:00Z,UPSERT,b001
b014,VE_d6fb0db899fb58,1,VE_5b9bf1816d8032,IQ_ad9b4b88d3a85e,VE_e5f238788b8d4f,IQ_135d4a97820502,2026-09-12T12:00:00Z,EMAIL,APPROVED,10,2026-09-12T12:00:00Z,UPSERT,b001
b014,VE_d77239b795f814,1,VE_d2f60a2db02aef,IQ_cebb1fc978b824,VE_e5f238788b8d4f,IQ_135d4a97820502,2026-08-19T12:00:00Z,EMAIL,APPROVED,23,2026-08-19T12:00:00Z,UPSERT,b001
b014,VE_d78c9e5e81dae1,1,VE_f37614d88a5207,IQ_2220dc90360c82,VE_bd347660c02488,IQ_20c20d0e8b3a1d,2026-08-14T12:00:00Z,EMAIL,APPROVED,20,2026-08-14T12:00:00Z,UPSERT,b001
b014,VE_d79a43230c33f3,1,VE_762f6137cedac0,IQ_e35dbf91fb46f8,VE_c0f0228a02528b,IQ_135d4a97820502,2026-10-04T12:00:00Z,EMAIL,APPROVED,23,2026-10-04T12:00:00Z,UPSERT,b005
b014,VE_d7e50bd41b46b1,1,VE_2b4a021b059e8d,IQ_769ac94cb87c37,VE_bd347660c02488,IQ_20c20d0e8b3a1d,2026-09-08T12:00:00Z,EMAIL,APPROVED,15,2026-09-08T12:00:00Z,UPSERT,b001
b014,VE_d7e873a42febc5,1,VE_ba46ef34c727f4,IQ_fb9c5e296c0d40,VE_d8ce93e1401020,IQ_942e78f7757950,2026-08-02T12:00:00Z,EMAIL,APPROVED,22,2026-08-02T12:00:00Z,UPSERT,b001
b014,VE_d7ed2131b476d0,1,VE_4ae72a089dd8cb,IQ_19497683e93201,VE_c0f0228a02528b,IQ_20c20d0e8b3a1d,2026-10-12T12:00:00Z,EMAIL,APPROVED,15,2026-10-12T12:00:00Z,UPSERT,b013
b014,VE_d7edf851727829,1,VE_ec5e23b049025d,IQ_39a96fcf75a9a5,VE_c0f0228a02528b,IQ_135d4a97820502,2026-10-09T12:00:00Z,EMAIL,APPROVED,15,2026-10-09T12:00:00Z,UPSERT,b010
b014,VE_d842385e6a00cd,1,VE_36e6cf63d8128b,IQ_b6c2a3cd950815,VE_dfb9c2a7f96b2e,IQ_54291f6d98eec1,2026-10-07T12:00:00Z,EMAIL,APPROVED,10,2026-10-07T12:00:00Z,UPSERT,b008
b014,VE_d84573424b6435,1,VE_c5029abcf98cbb,IQ_5e1000fc0be969,VE_5bdb3c5559b9b2,IQ_54291f6d98eec1,2026-08-17T12:00:00Z,EMAIL,APPROVED,26,2026-08-17T12:00:00Z,UPSERT,b001
b014,VE_d8a8e39ff58643,1,VE_2a83df57539c57,,VE_a7d64d4b06aef3,IQ_54291f6d98eec1,2026-10-04T12:00:00Z,EMAIL,APPROVED,25,2026-10-04T12:00:00Z,UPSERT,b005
b014,VE_d8e917be941c25,1,VE_648e26eb72a912,IQ_7a7aed33c59471,VE_c0f0228a02528b,IQ_135d4a97820502,2026-09-07T12:00:00Z,EMAIL,APPROVED,27,2026-09-07T12:00:00Z,UPSERT,b001
b014,VE_d93e46556d338e,1,VE_2a83df57539c57,,VE_5bdb3c5559b9b2,IQ_54291f6d98eec1,2026-10-08T12:00:00Z,EMAIL,APPROVED,25,2026-10-08T12:00:00Z,UPSERT,b009
b014,VE_d94684006d5d96,1,VE_68cbed40f85d0c,IQ_abdd6f3d6ea2f9,VE_6b9dd3d425b6f6,IQ_20c20d0e8b3a1d,2026-09-30T12:00:00Z,EMAIL,APPROVED,27,2026-09-30T12:00:00Z,UPSERT,b001
b014,VE_d960d4c828b380,1,VE_c4ed0f0cc1df2c,IQ_8ee2ef868089f8,VE_6b9dd3d425b6f6,IQ_20c20d0e8b3a1d,2026-08-05T12:00:00Z,EMAIL,APPROVED,23,2026-08-05T12:00:00Z,UPSERT,b001
b014,VE_d9a03947e51df7,1,VE_55aba8abe027dc,IQ_63e125117381f1,VE_dfb9c2a7f96b2e,IQ_942e78f7757950,2026-08-21T12:00:00Z,EMAIL,APPROVED,11,2026-08-21T12:00:00Z,UPSERT,b001
b014,VE_d9b3fdf30e43a6,1,VE_81bb42b4d03067,IQ_91142399c21c7e,VE_e5f238788b8d4f,IQ_135d4a97820502,2026-08-14T12:00:00Z,EMAIL,APPROVED,18,2026-08-14T12:00:00Z,UPSERT,b001
b014,VE_d9cbb6b0b2be61,1,VE_a462cf78c4602e,IQ_094a9ccef25ce4,VE_bd347660c02488,IQ_20c20d0e8b3a1d,2026-07-28T12:00:00Z,EMAIL,APPROVED,20,2026-07-28T12:00:00Z,UPSERT,b001
b014,VE_daba6c8c2a9baf,1,VE_10178ff56ce0e0,IQ_548359ef6f100c,VE_bd347660c02488,IQ_135d4a97820502,2026-10-03T12:00:00Z,EMAIL,APPROVED,16,2026-10-03T12:00:00Z,UPSERT,b004
b014,VE_dac09bfafa041a,1,VE_461597a2f31e56,IQ_92030316fdcdfe,VE_c0f0228a02528b,IQ_135d4a97820502,2026-10-09T12:00:00Z,EMAIL,APPROVED,27,2026-10-09T12:00:00Z,UPSERT,b010
b014,VE_db064cab5dc06a,1,VE_fd4df5f794dcc5,IQ_b129f52b9e347e,VE_c0f0228a02528b,IQ_20c20d0e8b3a1d,2026-10-05T12:00:00Z,EMAIL,APPROVED,11,2026-10-05T12:00:00Z,UPSERT,b006
b014,VE_db24582e2552b1,1,VE_c7ffe93286345e,IQ_f51ff3278100d8,VE_d8ce93e1401020,IQ_135d4a97820502,2026-10-05T12:00:00Z,EMAIL,APPROVED,10,2026-10-05T12:00:00Z,UPSERT,b006
b014,VE_db73b39244e08f,1,VE_461597a2f31e56,IQ_92030316fdcdfe,VE_a7d64d4b06aef3,IQ_135d4a97820502,2026-10-13T12:00:00Z,EMAIL,APPROVED,29,2026-10-13T12:00:00Z,UPSERT,b014
b014,VE_dc447cf520c951,1,VE_71533239b71955,IQ_68ae4cb00ee2a3,VE_d8ce93e1401020,IQ_942e78f7757950,2026-07-23T12:00:00Z,EMAIL,APPROVED,26,2026-07-23T12:00:00Z,UPSERT,b001
b014,VE_dc594f5907ab74,1,VE_c5029abcf98cbb,IQ_5e1000fc0be969,VE_5bdb3c5559b9b2,IQ_54291f6d98eec1,2026-07-24T12:00:00Z,EMAIL,APPROVED,16,2026-07-24T12:00:00Z,UPSERT,b001
b014,VE_dcb94d6bc1bcdb,1,VE_d0c66dff2154e0,IQ_a6543230d73012,VE_e5f238788b8d4f,IQ_135d4a97820502,2026-08-18T12:00:00Z,EMAIL,APPROVED,16,2026-08-18T12:00:00Z,UPSERT,b001
b014,VE_dcdc418c09e38a,1,VE_81bb42b4d03067,IQ_91142399c21c7e,VE_d8ce93e1401020,IQ_20c20d0e8b3a1d,2026-10-13T12:00:00Z,EMAIL,APPROVED,22,2026-10-13T12:00:00Z,UPSERT,b014
b014,VE_de6429a446d8af,1,VE_d2f60a2db02aef,IQ_cebb1fc978b824,VE_d8ce93e1401020,IQ_942e78f7757950,2026-10-11T12:00:00Z,EMAIL,APPROVED,14,2026-10-11T12:00:00Z,UPSERT,b012
b014,VE_de6429a446d8af,2,VE_d2f60a2db02aef,IQ_cebb1fc978b824,VE_d8ce93e1401020,IQ_135d4a97820502,2026-10-11T12:00:00Z,EMAIL,APPROVED,14,2026-10-13T04:00:00Z,DELETE,b013
b014,VE_dea5f03c76687e,1,VE_f7b572b359e4e3,IQ_73a7e08f759536,VE_bd347660c02488,IQ_20c20d0e8b3a1d,2026-08-03T12:00:00Z,EMAIL,APPROVED,10,2026-08-03T12:00:00Z,UPSERT,b001
b014,VE_debf4d535d74ea,1,VE_3db35dc532eeaa,IQ_f8746fa6d8ac04,VE_5bdb3c5559b9b2,IQ_54291f6d98eec1,2026-09-09T12:00:00Z,EMAIL,APPROVED,16,2026-09-09T12:00:00Z,UPSERT,b001
b014,VE_df3a79db2cf34d,1,VE_ff1e01ba239fb4,IQ_12cb9c4a95124c,VE_bd347660c02488,IQ_135d4a97820502,2026-10-07T12:00:00Z,EMAIL,APPROVED,16,2026-10-07T12:00:00Z,UPSERT,b008
b014,VE_df67768e6f018e,1,VE_e046679fa7995d,IQ_cf446d2ff0e298,VE_e5f238788b8d4f,IQ_135d4a97820502,2026-08-04T12:00:00Z,EMAIL,APPROVED,19,2026-08-04T12:00:00Z,UPSERT,b001
b014,VE_e00146d8d4e284,1,VE_c4ed0f0cc1df2c,IQ_8ee2ef868089f8,VE_bd347660c02488,IQ_20c20d0e8b3a1d,2026-08-15T12:00:00Z,EMAIL,APPROVED,28,2026-08-15T12:00:00Z,UPSERT,b001
b014,VE_e0263e17c5780d,1,VE_02fcb1978f6c90,IQ_a1f14c57569bd9,VE_a7d64d4b06aef3,IQ_54291f6d98eec1,2026-09-12T12:00:00Z,EMAIL,APPROVED,13,2026-09-12T12:00:00Z,UPSERT,b001
b014,VE_e077c4076bb683,1,VE_b1422f3824524b,IQ_eeb2a0b0f2ecd8,VE_d8ce93e1401020,IQ_942e78f7757950,2026-07-19T12:00:00Z,EMAIL,APPROVED,13,2026-07-19T12:00:00Z,UPSERT,b001
b014,VE_e11be91567e2e5,1,VE_15d3c0fa902ddf,IQ_0a017a0ac7f565,VE_5bdb3c5559b9b2,IQ_135d4a97820502,2026-10-06T12:00:00Z,EMAIL,APPROVED,25,2026-10-06T12:00:00Z,UPSERT,b007
b014,VE_e11edf0a090122,1,VE_648e26eb72a912,IQ_7a7aed33c59471,VE_e5f238788b8d4f,IQ_942e78f7757950,2026-10-07T12:00:00Z,EMAIL,APPROVED,15,2026-10-07T12:00:00Z,UPSERT,b008
b014,VE_e11edf0a090122,2,VE_648e26eb72a912,IQ_7a7aed33c59471,VE_e5f238788b8d4f,IQ_135d4a97820502,2026-10-07T12:00:00Z,EMAIL,APPROVED,15,2026-10-09T04:00:00Z,DELETE,b009
b014,VE_e1d5d3dddba04f,1,VE_81bb42b4d03067,IQ_91142399c21c7e,VE_e5f238788b8d4f,IQ_135d4a97820502,2026-10-04T12:00:00Z,EMAIL,APPROVED,19,2026-10-04T12:00:00Z,UPSERT,b005
b014,VE_e38d8f16a34e15,1,VE_a8c0b118f70e90,IQ_08580b228e97d8,VE_5bdb3c5559b9b2,IQ_20c20d0e8b3a1d,2026-10-07T12:00:00Z,EMAIL,APPROVED,21,2026-10-07T12:00:00Z,UPSERT,b008
b014,VE_e3989150837669,1,VE_6884d78be1e27f,IQ_d70ceade00121a,VE_d8ce93e1401020,IQ_54291f6d98eec1,2026-10-10T12:00:00Z,EMAIL,APPROVED,26,2026-10-10T12:00:00Z,UPSERT,b011
b014,VE_e4bcdaf7bdf834,1,VE_c5029abcf98cbb,IQ_5e1000fc0be969,VE_a7d64d4b06aef3,IQ_54291f6d98eec1,2026-08-23T12:00:00Z,EMAIL,APPROVED,21,2026-08-23T12:00:00Z,UPSERT,b001
b014,VE_e4e9f6cd63d21a,1,VE_100f0e81f859d7,IQ_d18d2fb59cfe6e,VE_5bdb3c5559b9b2,IQ_20c20d0e8b3a1d,2026-10-10T12:00:00Z,EMAIL,APPROVED,13,2026-10-10T12:00:00Z,UPSERT,b011
b014,VE_e562d0fb95d95b,1,VE_5f0143593aa9a7,IQ_04fbe99519f267,VE_bd347660c02488,IQ_20c20d0e8b3a1d,2026-08-12T12:00:00Z,EMAIL,APPROVED,19,2026-08-12T12:00:00Z,UPSERT,b001
b014,VE_e59588fb8ef3ee,1,VE_c21dfac4ce6526,IQ_d8d4e5a826c8f9,VE_5bdb3c5559b9b2,IQ_54291f6d98eec1,2026-08-22T12:00:00Z,EMAIL,APPROVED,12,2026-08-22T12:00:00Z,UPSERT,b001
b014,VE_e784cf6a8329b2,1,VE_100f0e81f859d7,IQ_d18d2fb59cfe6e,VE_d8ce93e1401020,IQ_942e78f7757950,2026-07-24T12:00:00Z,EMAIL,APPROVED,12,2026-07-24T12:00:00Z,UPSERT,b001
b014,VE_e7f618b13f68d6,1,VE_adc8ea3fefbc67,IQ_26088422e4cdf9,VE_6b9dd3d425b6f6,IQ_20c20d0e8b3a1d,2026-07-20T12:00:00Z,EMAIL,APPROVED,21,2026-07-20T12:00:00Z,UPSERT,b001
b014,VE_e81537871d0b11,1,VE_d0c264607dea04,IQ_2f504035abf7db,VE_d8ce93e1401020,IQ_20c20d0e8b3a1d,2026-10-13T12:00:00Z,EMAIL,APPROVED,10,2026-10-13T12:00:00Z,UPSERT,b014
b014,VE_e89c39abde6035,1,VE_7d706a6b6b20ba,IQ_7552d7924c315f,VE_a7d64d4b06aef3,IQ_54291f6d98eec1,2026-09-21T12:00:00Z,EMAIL,APPROVED,20,2026-09-21T12:00:00Z,UPSERT,b001
b014,VE_e9324211f2e4ce,1,VE_efc5c572b933a0,IQ_bee67dd5b938ba,VE_d8ce93e1401020,IQ_942e78f7757950,2026-10-09T12:00:00Z,EMAIL,APPROVED,26,2026-10-09T12:00:00Z,UPSERT,b010
b014,VE_e9d7563773a57b,1,VE_648e26eb72a912,IQ_7a7aed33c59471,VE_dfb9c2a7f96b2e,IQ_942e78f7757950,2026-10-11T12:00:00Z,EMAIL,APPROVED,18,2026-10-11T12:00:00Z,UPSERT,b012
b014,VE_ea9d72498e9939,1,VE_ff74cf7f1992a8,IQ_978447cff2fdd5,VE_e5f238788b8d4f,IQ_54291f6d98eec1,2026-10-06T12:00:00Z,EMAIL,APPROVED,27,2026-10-06T12:00:00Z,UPSERT,b007
b014,VE_eaafe6a27e4bd1,1,VE_2ab76b6dc62d3f,IQ_3d4ddf185a627c,VE_d8ce93e1401020,IQ_942e78f7757950,2026-08-20T12:00:00Z,EMAIL,APPROVED,18,2026-08-20T12:00:00Z,UPSERT,b001
b014,VE_eab0d56f71edbe,1,VE_5d713f468b86c0,IQ_cd3263114f74aa,VE_a7d64d4b06aef3,IQ_942e78f7757950,2026-10-05T12:00:00Z,EMAIL,APPROVED,25,2026-10-05T12:00:00Z,UPSERT,b006
b014,VE_eba35dd2ed070e,1,VE_19aac240e21c2a,IQ_2f4b5d63410742,VE_e5f238788b8d4f,IQ_135d4a97820502,2026-08-14T12:00:00Z,EMAIL,APPROVED,14,2026-08-14T12:00:00Z,UPSERT,b001
b014,VE_ec54aa1e4301d1,1,VE_c22fd8263ec79a,IQ_9cfab99c88ecfa,VE_5bdb3c5559b9b2,IQ_54291f6d98eec1,2026-07-29T12:00:00Z,EMAIL,APPROVED,17,2026-07-29T12:00:00Z,UPSERT,b001
b014,VE_ec8d75659315eb,1,VE_a2c3a87dcd2ea9,IQ_e552f1ddf030fb,VE_bd347660c02488,IQ_54291f6d98eec1,2026-10-05T12:00:00Z,EMAIL,APPROVED,28,2026-10-05T12:00:00Z,UPSERT,b006
b014,VE_ec8db64741eb61,1,VE_f0aa05b5453c81,IQ_98280845a4c8b5,VE_bd347660c02488,IQ_54291f6d98eec1,2026-10-12T12:00:00Z,EMAIL,APPROVED,24,2026-10-12T12:00:00Z,UPSERT,b013
b014,VE_ecc1dfd118edf0,1,VE_68cbed40f85d0c,IQ_abdd6f3d6ea2f9,VE_bd347660c02488,IQ_20c20d0e8b3a1d,2026-07-25T12:00:00Z,EMAIL,APPROVED,22,2026-07-25T12:00:00Z,UPSERT,b001
b014,VE_ed2c5ccec3c27a,1,VE_c259796efa90aa,IQ_6e99471b5ac975,VE_d8ce93e1401020,IQ_942e78f7757950,2026-10-09T12:00:00Z,EMAIL,APPROVED,14,2026-10-09T12:00:00Z,UPSERT,b010
b014,VE_ed47ece53b1d06,1,VE_c741402a6c12a6,IQ_4848d214fab929,VE_d8ce93e1401020,IQ_20c20d0e8b3a1d,2026-10-06T12:00:00Z,EMAIL,APPROVED,22,2026-10-06T12:00:00Z,UPSERT,b007
b014,VE_ee1431db68c79c,1,VE_13b9277a8de654,IQ_0dd2b8fa221f25,VE_dfb9c2a7f96b2e,IQ_942e78f7757950,2026-10-11T12:00:00Z,EMAIL,APPROVED,14,2026-10-11T12:00:00Z,UPSERT,b012
b014,VE_ee2d5e66966585,1,VE_5242a39c00d8d1,IQ_18003b85127893,VE_6b9dd3d425b6f6,IQ_942e78f7757950,2026-10-02T12:00:00Z,EMAIL,APPROVED,20,2026-10-02T12:00:00Z,UPSERT,b003
b014,VE_ef211f242bd121,1,VE_5d713f468b86c0,IQ_cd3263114f74aa,VE_5bdb3c5559b9b2,IQ_54291f6d98eec1,2026-09-23T12:00:00Z,EMAIL,APPROVED,28,2026-09-23T12:00:00Z,UPSERT,b001
b014,VE_ef34b52acc7e08,1,VE_36e6cf63d8128b,IQ_b6c2a3cd950815,VE_d8ce93e1401020,IQ_942e78f7757950,2026-08-04T12:00:00Z,EMAIL,APPROVED,10,2026-08-04T12:00:00Z,UPSERT,b001
b014,VE_ef5858fae150e4,1,VE_c7ffe93286345e,IQ_f51ff3278100d8,VE_5bdb3c5559b9b2,IQ_135d4a97820502,2026-10-13T12:00:00Z,EMAIL,APPROVED,13,2026-10-13T12:00:00Z,UPSERT,b014
b014,VE_efca227e332df3,1,VE_18dc7b377bf025,IQ_90eb0591b897d4,VE_dfb9c2a7f96b2e,IQ_20c20d0e8b3a1d,2026-10-13T12:00:00Z,EMAIL,APPROVED,22,2026-10-13T12:00:00Z,UPSERT,b014
b014,VE_f116acda9cbc42,1,VE_3286b39eada443,IQ_f8f7bb250ca8f2,VE_d8ce93e1401020,IQ_942e78f7757950,2026-09-15T12:00:00Z,EMAIL,APPROVED,11,2026-09-15T12:00:00Z,UPSERT,b001
b014,VE_f16049f6f6981e,1,VE_5b9bf1816d8032,IQ_ad9b4b88d3a85e,VE_e5f238788b8d4f,IQ_942e78f7757950,2026-10-03T12:00:00Z,EMAIL,APPROVED,19,2026-10-03T12:00:00Z,UPSERT,b004
b014,VE_f16049f6f6981e,2,VE_5b9bf1816d8032,IQ_ad9b4b88d3a85e,VE_e5f238788b8d4f,IQ_135d4a97820502,2026-10-03T12:00:00Z,EMAIL,APPROVED,19,2026-10-05T04:00:00Z,DELETE,b005
b014,VE_f179073917144a,1,VE_55b3a4a96dcd4b,IQ_2bf809008f4101,VE_c0f0228a02528b,IQ_942e78f7757950,2026-10-07T12:00:00Z,EMAIL,APPROVED,27,2026-10-07T12:00:00Z,UPSERT,b008
b014,VE_f23276624b62dc,1,VE_10178ff56ce0e0,IQ_548359ef6f100c,VE_bd347660c02488,IQ_20c20d0e8b3a1d,2026-07-18T12:00:00Z,EMAIL,APPROVED,16,2026-07-18T12:00:00Z,UPSERT,b001
b014,VE_f23d53dcb12a8f,1,VE_65d53058353f53,IQ_5f616459dc55d5,VE_d8ce93e1401020,IQ_20c20d0e8b3a1d,2026-10-02T12:00:00Z,EMAIL,APPROVED,18,2026-10-02T12:00:00Z,UPSERT,b003
b014,VE_f255ad7183bc54,1,VE_f6aa1bee7ea532,IQ_5e8494388814b7,VE_6b9dd3d425b6f6,IQ_20c20d0e8b3a1d,2026-08-13T12:00:00Z,EMAIL,DRAFT,25,2026-08-13T12:00:00Z,UPSERT,b001
b014,VE_f2693ad5174331,1,VE_c259796efa90aa,IQ_6e99471b5ac975,VE_a7d64d4b06aef3,IQ_54291f6d98eec1,2026-09-07T12:00:00Z,EMAIL,APPROVED,16,2026-09-07T12:00:00Z,UPSERT,b001
b014,VE_f30d72d9947f58,1,VE_c21dfac4ce6526,IQ_d8d4e5a826c8f9,VE_5bdb3c5559b9b2,IQ_20c20d0e8b3a1d,2026-10-07T12:00:00Z,EMAIL,APPROVED,17,2026-10-07T12:00:00Z,UPSERT,b008
b014,VE_f32475d038116b,1,VE_c666897cc2aab7,,VE_e5f238788b8d4f,IQ_135d4a97820502,2026-07-29T12:00:00Z,EMAIL,APPROVED,13,2026-07-29T12:00:00Z,UPSERT,b001
b014,VE_f342000f62e685,1,VE_c666897cc2aab7,,VE_c0f0228a02528b,IQ_135d4a97820502,2026-10-08T12:00:00Z,EMAIL,APPROVED,23,2026-10-08T12:00:00Z,UPSERT,b009
b014,VE_f3ab643b665219,1,VE_6c50a25ebbfdb7,IQ_98b4c8755fecdb,VE_c0f0228a02528b,IQ_54291f6d98eec1,2026-10-13T12:00:00Z,EMAIL,APPROVED,19,2026-10-13T12:00:00Z,UPSERT,b014
b014,VE_f453c9781a689c,1,VE_b1422f3824524b,IQ_eeb2a0b0f2ecd8,VE_dfb9c2a7f96b2e,IQ_942e78f7757950,2026-08-25T12:00:00Z,EMAIL,APPROVED,29,2026-08-25T12:00:00Z,UPSERT,b001
b014,VE_f5444cb2f41a15,1,VE_02fcb1978f6c90,IQ_a1f14c57569bd9,VE_a7d64d4b06aef3,IQ_54291f6d98eec1,2026-09-13T12:00:00Z,EMAIL,APPROVED,24,2026-09-13T12:00:00Z,UPSERT,b001
b014,VE_f5f818b2709380,1,VE_762f6137cedac0,IQ_e35dbf91fb46f8,VE_bd347660c02488,IQ_20c20d0e8b3a1d,2026-10-09T12:00:00Z,EMAIL,APPROVED,24,2026-10-09T12:00:00Z,UPSERT,b010
b014,VE_f5f818b2709380,2,VE_762f6137cedac0,IQ_e35dbf91fb46f8,VE_bd347660c02488,IQ_54291f6d98eec1,2026-10-09T12:00:00Z,EMAIL,APPROVED,24,2026-10-11T04:00:00Z,UPSERT,b011
b014,VE_f61c41287be618,1,VE_c741402a6c12a6,IQ_4848d214fab929,VE_dfb9c2a7f96b2e,IQ_942e78f7757950,2026-09-08T12:00:00Z,EMAIL,APPROVED,14,2026-09-08T12:00:00Z,UPSERT,b001
b014,VE_f6a6b76dbd3092,1,VE_b1422f3824524b,IQ_eeb2a0b0f2ecd8,VE_dfb9c2a7f96b2e,IQ_942e78f7757950,2026-08-14T12:00:00Z,EMAIL,APPROVED,18,2026-08-14T12:00:00Z,UPSERT,b001
b014,VE_f72030fd5438d0,1,VE_a458a83ce0f04b,IQ_d2fdc3f4fb6963,VE_6b9dd3d425b6f6,IQ_942e78f7757950,2026-10-13T12:00:00Z,EMAIL,APPROVED,20,2026-10-13T12:00:00Z,UPSERT,b014
b014,VE_f7bb271137090b,1,VE_fd4df5f794dcc5,IQ_b129f52b9e347e,VE_bd347660c02488,IQ_20c20d0e8b3a1d,2026-10-09T12:00:00Z,EMAIL,APPROVED,12,2026-10-09T12:00:00Z,UPSERT,b010
b014,VE_f802269ab95b06,1,VE_19aac240e21c2a,IQ_2f4b5d63410742,VE_dfb9c2a7f96b2e,IQ_135d4a97820502,2026-10-12T12:00:00Z,EMAIL,APPROVED,22,2026-10-12T12:00:00Z,UPSERT,b013
b014,VE_f8216d9afc8d3d,1,VE_866e2cf66246a5,IQ_b999195dfbc669,VE_d8ce93e1401020,IQ_942e78f7757950,2026-09-29T12:00:00Z,EMAIL,APPROVED,23,2026-09-29T12:00:00Z,UPSERT,b001
b014,VE_f8dc1f7f9ffd3a,1,VE_e046679fa7995d,IQ_cf446d2ff0e298,VE_e5f238788b8d4f,IQ_942e78f7757950,2026-10-07T12:00:00Z,EMAIL,APPROVED,23,2026-10-07T12:00:00Z,UPSERT,b008
b014,VE_f9423a1445a4ca,1,VE_6884d78be1e27f,IQ_d70ceade00121a,VE_e5f238788b8d4f,IQ_135d4a97820502,2026-09-23T12:00:00Z,EMAIL,APPROVED,25,2026-09-23T12:00:00Z,UPSERT,b001
b014,VE_f9a34dcf000564,1,VE_816a43cfa4bbba,IQ_786571a47515e2,VE_d8ce93e1401020,IQ_942e78f7757950,2026-07-27T12:00:00Z,EMAIL,APPROVED,28,2026-07-27T12:00:00Z,UPSERT,b001
b014,VE_fa706e512ef123,1,VE_ecb874ff3e1b04,IQ_d7ec2fb9c64928,VE_d8ce93e1401020,IQ_942e78f7757950,2026-08-14T12:00:00Z,EMAIL,APPROVED,15,2026-08-14T12:00:00Z,UPSERT,b001
b014,VE_fb091cdfb5f687,1,VE_ba46ef34c727f4,IQ_fb9c5e296c0d40,VE_dfb9c2a7f96b2e,IQ_942e78f7757950,2026-09-17T12:00:00Z,EMAIL,APPROVED,17,2026-09-17T12:00:00Z,UPSERT,b001
b014,VE_fc102f512ad92d,1,VE_e046679fa7995d,IQ_cf446d2ff0e298,VE_c0f0228a02528b,IQ_135d4a97820502,2026-07-27T12:00:00Z,EMAIL,APPROVED,14,2026-07-27T12:00:00Z,UPSERT,b001
b014,VE_fc48c948d245e7,1,VE_d1df39975dc133,IQ_1ad8fd972ecd6a,VE_5bdb3c5559b9b2,IQ_135d4a97820502,2026-10-02T12:00:00Z,EMAIL,APPROVED,21,2026-10-02T12:00:00Z,UPSERT,b003
b014,VE_fde435794cd0d7,1,VE_c3d97a4cba0334,IQ_4d5f03fbf84998,VE_e5f238788b8d4f,IQ_942e78f7757950,2026-10-03T12:00:00Z,EMAIL,APPROVED,15,2026-10-03T12:00:00Z,UPSERT,b004
b014,VE_fe14331afef635,1,VE_18dc7b377bf025,IQ_90eb0591b897d4,VE_c0f0228a02528b,IQ_135d4a97820502,2026-08-03T12:00:00Z,EMAIL,APPROVED,17,2026-08-03T12:00:00Z,UPSERT,b001
b014,VE_fe362201597c92,1,VE_2b4a021b059e8d,IQ_769ac94cb87c37,VE_6b9dd3d425b6f6,IQ_20c20d0e8b3a1d,2026-08-16T12:00:00Z,EMAIL,APPROVED,20,2026-08-16T12:00:00Z,UPSERT,b001
b014,VE_fe68d57cd384ac,1,VE_265f423ad0ae7e,IQ_3a78b487cced5b,VE_6b9dd3d425b6f6,IQ_20c20d0e8b3a1d,2026-09-15T12:00:00Z,EMAIL,APPROVED,24,2026-09-15T12:00:00Z,UPSERT,b001
b014,VE_fe96c9cdd617c1,1,VE_5b9bf1816d8032,IQ_ad9b4b88d3a85e,VE_c0f0228a02528b,IQ_942e78f7757950,2026-10-07T12:00:00Z,EMAIL,APPROVED,19,2026-10-07T12:00:00Z,UPSERT,b008
b014,VE_ffb576d34b2a25,1,VE_ba46ef34c727f4,IQ_fb9c5e296c0d40,VE_dfb9c2a7f96b2e,IQ_942e78f7757950,2026-10-04T12:00:00Z,EMAIL,APPROVED,18,2026-10-04T12:00:00Z,UPSERT,b005
b014,VE_ffbb577fcb3d84,1,VE_ba46ef34c727f4,IQ_fb9c5e296c0d40,VE_d8ce93e1401020,IQ_942e78f7757950,2026-10-08T12:00:00Z,EMAIL,APPROVED,18,2026-10-08T12:00:00Z,UPSERT,b009
b014,VE_ffda4cd70af62c,1,VE_d2f60a2db02aef,IQ_cebb1fc978b824,VE_c0f0228a02528b,IQ_54291f6d98eec1,2026-10-06T12:00:00Z,EMAIL,APPROVED,11,2026-10-06T12:00:00Z,UPSERT,b007
